name,n
holdings,1054
group,503
international,391
china,350
technology,84
temp,79
hong,72
company,71
kong,70
energy,67
and,61
development,57
resources,57
investment,56
holding,55
asia,50
financial,49
new,37
properties,35
limited,34
'h',30
global,30
pacific,27
investments,26
mining,26
bank,22
capital,22
detached,22
enterprises,22
land,20
power,20
property,20
services,19
class,18
grand,18
media,18
pharmaceutical,18
entertainment,17
industrial,17
real,17
b,16
healthcare,16
on,15
corporation,14
environmental,14
estate,14
food,14
health,14
sun,14
century,13
chemical,13
chinese,13
construction,13
industry,13
lee,13
shanghai,13
tai,13
technologies,13
trust,13
beijing,12
hing,12
securities,12
sino,12
wah,12
wing,12
finance,11
fung,11
gas,11
golden,11
hotel,11
man,11
city,10
digital,10
education,10
enterprise,10
green,10
medical,10
united,10
water,10
electronics,9
hang,9
industries,9
king,9
lai,9
modern,9
realty,9
retail,9
sang,9
tian,9
c,8
cement,8
chong,8
culture,8
east,8
gold,8
great,8
hutchison,8
logistics,8
network,8
nil,8
of,8
oil,8
oriental,8
paid,8
sing,8
world,8
auto,7
dairy,7
engineering,7
far,7
hua,7
infrastructure,7
interactive,7
li,7
materials,7
national,7
ocean,7
orient,7
shenzhen,7
shipping,7
shun,7
south,7
systems,7
yue,7
'b',6
cayman,6
commercial,6
concord,6
credit,6
eagle,6
electric,6
first,6
glory,6
guangdong,6
hotels,6
kwong,6
overseas,6
petroleum,6
products,6
software,6
tcl,6
telecom,6
yuan,6
'a',5
citic,5
communication,5
communications,5
concepts,5
environment,5
future,5
glass,5
high,5
hung,5
kee,5
lighting,5
management,5
medicine,5
ming,5
mobile,5
one,5
paper,5
partners,5
peace,5
pharma,5
road,5
science,5
solar,5
sports,5
standard,5
strategic,5
sunshine,5
swire,5
tong,5
wai,5
wheelock,5
alliance,4
allied,4
an,4
assets,4
automobile,4
best,4
cct,4
champion,4
cheung,4
chi,4
chinney,4
ck,4
delisted,4
distribution,4
e,4
easy,4
electronic,4
emperor,4
equipment,4
fook,4
fortune,4
fu,4
fund,4
hao,4
henderson,4
heng,4
hkc,4
ho,4
in,4
insurance,4
jewellery,4
kin,4
landing,4
legend,4
life,4
link,4
long,4
lung,4
machinery,4
manufacturing,4
metal,4
nan,4
natural,4
nice,4
oilfield,4
online,4
optical,4
perfect,4
playmates,4
public,4
royal,4
service,4
sheng,4
shing,4
shougang,4
shui,4
smart,4
tak,4
telecommunications,4
tianjin,4
times,4
top,4
transport,4
travel,4
union,4
universal,4
vision,4
wan,4
wang,4
watch,4
wealth,4
xinyi,4
zhong,4
alibaba,3
art,3
asset,3
automotive,3
baofeng,3
beverage,3
biotechnology,3
bright,3
care,3
cash,3
cheng,3
chevalier,3
clean,3
cosco,3
cosmopolitan,3
cp,3
crown,3
da,3
dah,3
daohe,3
department,3
dragon,3
dummy,3
dynamic,3
everbright,3
fashion,3
field,3
focus,3
fy,3
garment,3
general,3
get,3
gome,3
good,3
greenland,3
grp,3
harvest,3
hkt,3
hongkong,3
hop,3
hopewell,3
hsbc,3
hsin,3
huarong,3
i-cable,3
inhs,3
jinmao,3
k,3
kai,3
kerry,3
kinetic,3
leasing,3
luen,3
madison,3
mega,3
merchants,3
midland,3
minsheng,3
motor,3
n1,3
networks,3
noble,3
north,3
pak,3
pan,3
pao,3
pccw,3
petro-king,3
ping,3
port,3
precision,3
prosperity,3
protection,3
qingdao,3
s,3
san,3
satellite,3
scientific,3
semiconductor,3
silver,3
sis,3
siu,3
sky,3
smi,3
specie,3
speed,3
store,3
stores,3
success,3
television,3
termbray,3
town,3
universe,3
victory,3
win,3
wisdom,3
xin,3
yang,3
yuexiu,3
yuhua,3
100,2
a,2
advanced,2
aeon,2
agricultural,2
agriculture,2
aircraft,2
akm,2
aluminum,2
apac,2
appliances,2
applied,2
arts,2
ascent,2
asian,2
automation,2
aviation,2
avic,2
beauty,2
beijingwest,2
bermuda,2
billion,2
bio,2
biopharmaceutical,2
biotech,2
boc,2
bocom,2
brewery,2
brothers,2
building,2
bus,2
cassava,2
catering,2
cathay,2
central,2
cgn,2
chemicals,2
chen,2
chia,2
chinlink,2
chow,2
chu,2
chun,2
circutech,2
cofco,2
com,2
common,2
consortium,2
crawford,2
crcc,2
datang,2
dawnrays,2
deson,2
dianchi,2
dickson,2
dollar,2
earth,2
electrical,2
enerchina,2
enn,2
estates,2
ever,2
evergo,2
evergrande,2
evergreen,2
expert,2
express,2
fai,2
fat,2
feishang,2
file,2
fine,2
fintech,2
fire,2
flair,2
flying,2
foods,2
form,2
fortis,2
founder,2
from,2
fudan,2
funding,2
futures,2
galaxy,2
gangran,2
gc,2
ge,2
geely,2
glorious,2
goal,2
gold-finance,2
goldin,2
greater,2
greencool,2
greentown,2
gross,2
ground,2
growth,2
haitian,2
haitong,2
han,2
harbour,2
hc,2
hebei,2
hengan,2
hengshi,2
hengtai,2
hi,2
high-technology,2
hkbridge,2
hna,2
holly,2
home,2
hon,2
hopefluent,2
hospitality,2
household,2
huisheng,2
huixin,2
ic&i,2
idg,2
imagi,2
infinity,2
information,2
inno-technology,2
innovative,2
integrated,2
interior,2
intgp,2
ir,2
island,2
islands,2
japan,2
jardine,2
jete,2
jewelry,2
jiahua,2
jicheng,2
jilin,2
jiutai,2
joy,2
juice,2
jujiang,2
kaisun,2
kam,2
kanghua,2
kei,2
king's,2
kingboard,2
kingdee,2
kingdom,2
kingstone,2
kowloon,2
kpm,2
ksl,2
kunlun,2
kunming,2
l&a,2
lafe,2
lam,2
lane,2
larry,2
launch,2
leap,2
lerado,2
lifestyle,2
lippo,2
living,2
luk,2
luks,2
luzhou,2
macau,2
mark,2
mastermind,2
metals,2
mongolia,2
motors,2
multimedia,2
navigation,2
netcom,2
news,2
nine,2
ning,2
nnk,2
nonferrous,2
oceanwide,2
offshore,2
ore,2
packaging,2
paliburg,2
paradise,2
park,2
pawnshop,2
peak,2
pegasus,2
petrochemicals,2
pharmaceuticals,2
phoenitron,2
pine,2
pioneer,2
pipe,2
polymetallic,2
ports,2
pps,2
printing,2
procurement,2
prosper,2
putian,2
quanzhou,2
railway,2
rare,2
recycling,2
redco,2
regal,2
regent,2
renewable,2
roadshow,2
rock,2
roma,2
rong,2
ruifeng,2
sa,2
safety,2
sage,2
samson,2
sau,2
sciences,2
sea,2
seaq,2
season,2
see,2
seng,2
shan,2
shares,2
shaw,2
shimao,2
silk,2
sincere,2
singyes,2
sinosoft,2
solutions,2
soon,2
spring,2
star,2
state,2
steel,2
stone,2
strong,2
summit,2
synergy,2
tan,2
tang,2
tangshang,2
tao,2
target,2
tat,2
tea,2
telephone,2
ten,2
tencent,2
teng,2
textile,2
time,2
titan,2
tom,2
tongda,2
toys,2
transportation,2
tsui,2
university,2
urban,2
value,2
vc,2
video,2
vietnam,2
want,2
way,2
whampoa,2
wharf,2
wines,2
wo,2
wong's,2
xing,2
xinglu,2
xiwang,2
yan,2
yaohan,2
yat,2
yi,2
yichen,2
yu,2
yuen,2
zenith,2
zhejiang,2
zheshang,2
zhi,2
'04/08/92,1
+,1
04/05/17,1
06/03/17,1
06/05/92,1
08/11/17,1
10/02/92,1
13,1
141026,1
17/11/16,1
2/88,1
2000,1
22/09/17,1
23/01/17,1
24/03/04,1
27/01/15,1
29/06/16,1
33,1
356838,1
361,1
3sbio,1
401,1
771005,1
981810,1
a-s,1
a8,1
aac,1
aag,1
abc,1
able,1
access,1
ace,1
acrossasia,1
add,1
addchance,1
advisory,1
adway,1
aerospace,1
aeso,1
affairs,1
affluent,1
agency,1
agile,1
agri-industries,1
agri-products,1
agritrade,1
agroforestry,1
agrotech,1
agtech,1
ah,1
ahsay,1
aia,1
aid,1
airways,1
ajisen,1
akai,1
akup,1
al,1
alco,1
all,1
allan,1
alltronics,1
alpha,1
altus,1
aluminium,1
amax,1
amber,1
amco,1
ams,1
amvig,1
anacle,1
andes,1
animation,1
anta,1
anthracite,1
anton,1
anxian,1
anxin-china,1
ao,1
aohan,1
aoyuan,1
ap,1
apex,1
apparel,1
apt,1
ara,1
arabian,1
architect,1
arcontech,1
ares,1
artgo,1
asat,1
aseptic,1
asiaray,1
asiasec,1
asiatic,1
asm,1
associated,1
assurance,1
astrum,1
atlas,1
aupu,1
aurum,1
ausnutria,1
austar,1
ausupreme,1
automated,1
automobiles,1
aux,1
av,1
axa,1
backup,1
baguio,1
bai,1
baioo,1
baker,1
baltrans,1
bamboos,1
ban,1
banking,1
banquet,1
bao,1
baoli,1
baoxin,1
bar,1
base,1
basetrophy,1
basin,1
bauhaus,1
bawang,1
bay,1
bbi,1
bci,1
beautiful,1
beaver,1
beddings,1
beer,1
beidahuang,1
bel,1
belle,1
bep,1
besunyen,1
bgmc,1
bhcc,1
bii,1
binary,1
bingo,1
binhai,1
bio-chem,1
bio-technology,1
bioen,1
birmingham,1
bisu,1
bloomage,1
board,1
bodibra,1
boe,1
boer,1
boill,1
bolina,1
bon,1
bonjour,1
borel,1
boshiwa,1
bosideng,1
bossini,1
boutique,1
boyaa,1
bracell,1
branding,1
brands,1
brightoil,1
brilliance,1
brilliant,1
broad,1
broadcasts,1
brockman,1
build,1
builder,1
burlingame,1
burwill,1
business,1
byd,1
c&n,1
caa,1
cabbeen,1
cable,1
cafe,1
camsing,1
cancelled,1
candy,1
cans,1
canton,1
canvest,1
capxon,1
car,1
card,1
carnival,1
carpenter,1
carpets,1
carrian,1
carrianna,1
carry,1
casablanca,1
cavendish,1
cbk,1
cbm,1
cdw,1
cec,1
cecep,1
cefe,1
celebrate,1
celestial,1
ceneric,1
cent,1
centre,1
centron,1
ceramics,1
chang,1
changgang,1
changhong,1
changjiang,1
changsheng,1
changshouhua,1
chanhigh,1
channel,1
chaoda,1
chaowei,1
characters,1
charmacy,1
chasia,1
chengtong,1
cheong,1
cherish,1
cheuk,1
chigo,1
chiho_environmental_gp,1
child,1
china-hong,1
china_crtv,1
china_health_group,1
chinalco,1
chinasoft,1
ching,1
christine,1
chtc,1
chuan,1
chuang's,1
chuangmei,1
chuangs,1
chung,1
chunglian,1
cifi,1
cig,1
cil,1
cimc,1
cinda,1
circle,1
citc,1
citrus,1
citybus,1
citychamp,1
classified,1
clb,1
clc,1
clear,1
clearing,1
clendv,1
clifford,1
clp,1
cmbc,1
cmmb,1
cnc,1
cnnc,1
cnooc,1
cnqc,1
cnt,1
coal,1
coastal,1
code,1
codebank,1
cogobuy,1
colour,1
comba,1
combest,1
come,1
commerce,1
commodities,1
community,1
companion,1
company-prosperity,1
computer,1
computime,1
comtec,1
concept,1
conch,1
consolidated,1
consultants,1
consumables,1
consun,1
container,1
continental,1
contractors,1
control,1
convenience,1
convergence,1
convoy,1
cool,1
coolpad,1
coral,1
corgi,1
corporate,1
coslight,1
cosmo,1
cosmos,1
costin,1
cosway,1
country,1
cowell,1
cpm,1
cpmc,1
cre,1
creations,1
creative,1
crnt,1
crocodile,1
crosby,1
cross-harbour,1
crosstec,1
crystal,1
csc,1
csi,1
cspc,1
cst,1
ct,1
cultr,1
culturecom,1
cw,1
cyber,1
cybernaut,1
cyberworks,1
d&g,1
d_intl,1
dachan,1
dadi,1
dafeng,1
daido,1
daisho,1
dali,1
dameng,1
dan,1
dao,1
daphne,1
daqing,1
darby,1
data,1
datasys,1
datronix,1
daye,1
dba,1
de,1
dead-,1
decoration,1
degrees,1
dejin,1
delivery,1
delta,1
deluxe,1
demeter,1
denox,1
dental,1
denway,1
design,1
detach,1
detai,1
deutsche,1
developments,1
device,1
diary,1
differ,1
digicontent,1
digitel,1
ding,1
dingyi,1
dining,1
direct,1
directel,1
discovery,1
display,1
district,1
dividend,1
dlisted',1
domain,1
dong,1
dongguang,1
dongpeng,1
dongwu,1
dongxiang,1
dongyue,1
dorsett,1
doyen,1
dragons,1
dransfield,1
drawin,1
dream,1
dreameast,1
dredging,1
dtxs,1
dunxin,1
dx,1
dynam,1
dynamics,1
dynasty,1
e-commerce,1
e-commodities,1
e-information,1
e-kong,1
e-land,1
e-solutions,1
earnest,1
earning,1
earthasia,1
eastern,1
easyknit,1
echo,1
eci,1
eco-farming,1
eco-tek,1
ecogreen,1
economic,1
economy,1
econtext,1
educational,1
edvance,1
eforce,1
eft,1
egana,1
eganagoldpfeil,1
egl,1
elders,1
elegance,1
elife,1
elite,1
ell,1
eltek,1
embry,1
eminence,1
energine,1
englong,1
enm,1
enric,1
enviro,1
epayment,1
epi,1
eprint,1
equities,1
equity,1
era,1
erg,1
ernest,1
esprit,1
essex,1
esun,1
eternity,1
ets,1
eu,1
euro-asia,1
eva,1
everchina,1
evershine,1
exchange,1
exchanges,1
explorer,1
expo,1
export,1
expressway,1
extrawell,1
eyecare,1
ezcom,1
f8,1
fa,1
fah,1
fairwood,1
faith,1
fame,1
family,1
fang,1
fantasia,1
farm,1
fdb,1
fdst,1
feiyu,1
ferry,1
fiber,1
fibre,1
fih,1
film,1
finet,1
finsoft,1
fishing,1
fit,1
flame,1
flavors,1
flyke,1
fong's,1
footwear,1
fordoo,1
forebase,1
forest,1
forestry,1
forgame,1
fortunet,1
forward,1
fosun,1
foundation,1
fountain,1
four,1
fpb,1
fragrances,1
freeman,1
freetech,1
fresh,1
friend,1
frontier,1
fse,1
fubon,1
fufeng,1
fujian,1
fujikon,1
fullshare,1
fulum,1
furama,1
furniture,1
furniweb,1
fushan,1
futong,1
g&m,1
g-resources,1
g-vision,1
ga,1
gameone,1
garden,1
garments,1
gases,1
gcl,1
gcl-poly,1
gem,1
gemdale,1
gemilang,1
gemini,1
genes,1
genscript,1
genting,1
geotech,1
gilbert,1
ginseng,1
ginwa,1
giordano,1
gkc,1
gld,1
gme,1
godown,1
gold-face,1
goldbond,1
goldjoy,1
goldlion,1
goldman,1
goldpac,1
goldway,1
goldwiz,1
golf,1
golik,1
goodbaby,1
goodyear,1
grande,1
grant,1
graphene,1
grcb,1
greaterchina,1
greatime,1
greatview,1
greenfresh,1
greenheart,1
greens,1
greenstate,1
grocery,1
gst,1
gt,1
gtc,1
guangling,1
guangnan,1
guangzhou,1
gudou,1
gulf,1
guoan,1
guoco,1
guorui,1
guotai,1
guru,1
h,1
h&h,1
ha,1
hai,1
haichang,1
haier,1
haijing,1
hailan,1
hailiang,1
haisheng,1
hale,1
hanbo,1
hanergy,1
hanison,1
hanking,1
hannstar,1
hans,1
hanverky,1
hanya,1
harbin,1
harmonicare,1
harriman,1
he,1
headwear,1
healthwise,1
heart,1
heavy,1
hec,1
hedged,1
hei,1
henan,1
hengdeli,1
hengten,1
hengxing,1
henry,1
herald,1
heshun,1
heung,1
hi-,1
hi-tech,1
hidili,1
higher,1
highlight,1
highway,1
hih,1
hilong,1
hin,1
hip,1
hkbn,1
hkr,1
hm,1
hmv,1
hoifu,1
hold,1
honbridge,1
hongda_finl,1
hongguang,1
honghua,1
hongqiao,1
hongyuan,1
honore,1
hontex,1
honworld,1
hopson,1
horizon,1
hosa,1
hospital,1
house,1
houseware,1
housewares,1
hry,1
hsong,1
huabang,1
huabao,1
huada,1
huajin,1
huajun,1
huan,1
huaneng,1
huanxi,1
huaxi,1
huayi,1
huayu,1
huazhang,1
huazhong,1
huili,1
huirong,1
huishan,1
huiyin,1
huiyuan,1
human,1
huscoke,1
hutchison-boag,1
hybrid,1
hydoo,1
hypebeast,1
hysan,1
i,1
ibi,1
ico,1
idea,1
idt,1
igg,1
ilink,1
imax,1
imc,1
impala,1
imperial,1
imperium,1
in-vehicle,1
inc,1
ind,1
infoserve,1
infotech,1
ing,1
inner,1
innovation,1
innovationpay,1
inspection,1
inspur,1
int,1
intdvt,1
intelligent,1
internet,1
intime,1
inv,1
invesment,1
investech,1
ione,1
iot,1
ipe,1
irc,1
it,1
italia,1
itc,1
ite,1
itp,1
its,1
jacobson,1
janco,1
january,1
jia,1
jian,1
jiande,1
jiangnan,1
jiashili,1
jiayao,1
jiayuan,1
jimh,1
jinchuan,1
jingrui,1
jinhui,1
jinma,1
jio,1
jiyi,1
jnby,1
johnson,1
jolimark,1
joyce,1
ju,1
junan,1
june,1
junefield,1
jutal,1
k&p,1
ka,1
kader,1
kailey,1
kaisa,1
kakiko,1
kang,1
kangda,1
kantone,1
kantons,1
karrie,1
kasen,1
ke,1
keck,1
keen,1
kenford,1
kfm,1
kh,1
kiddieland,1
kidsland,1
kinetana,1
king_force_gp,1
kingbo,1
kingmaker,1
kingsoft,1
kingston,1
kingsway,1
kingwell,1
kingworld,1
kirin,1
kiu,1
kk,1
kml,1
knk,1
ko,1
koala,1
koi,1
kong-tvb,1
kontafarma,1
koradior,1
kpa-bm,1
ktl,1
kuangchi,1
kvb,1
kwan,1
kwg,1
kwok,1
kwoon,1
l'occitane,1
l'sea,1
laboratories,1
lady,1
lajin,1
laminates,1
lamtex,1
landsea,1
langham,1
lansen,1
lap,1
lapco,1
lawe,1
laws,1
ldings,1
le,1
leader,1
leading,1
lee's,1
leefung,1
leeport,1
lei,1
lenovo,1
leoch,1
leon,1
lesso,1
level,1
leyou,1
lfse,1
lien,1
lifesciences,1
lifetech,1
light,1
lilang,1
linekong,1
linocraft,1
lion,1
lisi,1
literature,1
little,1
liu,1
lk,1
lks,1
loan,1
loco,1
logan,1
longevity,1
longfor,1
longitech,1
longrun,1
lonking,1
loong,1
loto,1
lotsynergy,1
lotus,1
loudong,1
loulan,1
low-carbon,1
lt,1
ludao,1
lumena,1
lumina,1
lun,1
luxe,1
luxey,1
luye,1
lvgem,1
m,1
m&l,1
maeta,1
magic,1
magnificent,1
mainland,1
major,1
mandarin,1
manfield,1
manhattan,1
manner,1
manor,1
maoye,1
map,1
marden,1
maritime,1
marketing,1
mason,1
master,1
matrix,1
maxnerva,1
may,1
mayer,1
mc,1
mcfn,1
meadville,1
meat,1
medianation,1
medicare,1
medicines,1
medicskin,1
medinet,1
meditech,1
medtech,1
mee,1
megalogic,1
mei,1
meidong,1
meigu,1
meilleure,1
meitu,1
melbourne,1
melco,1
meng,1
mengke,1
mengniu,1
mercantile,1
merdeka,1
merged,1
merger,1
mexan,1
mgm,1
micro,1
micro-credit,1
microelectronics,1
microline,1
microport,1
microware,1
midas,1
mie,1
miguel,1
miko,1
milan,1
milestone,1
milk,1
millennium,1
million,1
min,1
mines,1
mingfa,1
mingly,1
mingwah,1
mingyuan,1
minmetals,1
minth,1
mirabell,1
miracle,1
miramar,1
miricor,1
mmg,1
mobi,1
mobicon,1
moiselle,1
mongolian,1
morning,1
morris,1
moulin,1
mpl,1
mtr,1
multiactive,1
multifield,1
munsun,1
my,1
nagacorp,1
nam,1
nameson,1
nanfang,1
nang,1
nanotechnology,1
nanyang,1
nature,1
nelson,1
neo,1
neo-neon,1
net,1
netdragon,1
netel,1
neway,1
newocean,1
newton,1
newtree,1
nexion,1
next,1
nexteer,1
ng,1
ngai,1
nickel,1
niraku,1
nirvana,1
nomura,1
non-ferrous,1
non-metal,1
northern,1
novel,1
nt,1
nuclear,1
nutriceutical,1
nvc,1
nws,1
o,1
o-net,1
oasis,1
oceans,1
oci,1
oilsands,1
okura,1
omnibridge,1
ooh,1
op,1
optelecom,1
optic,1
optics,1
optimization,1
optoelectronics,1
optronics,1
orange,1
organic,1
ourgame,1
outfitters,1
oxford,1
ozner,1
p,1
pa,1
packaged,1
pacray,1
paint,1
palace,1
paladin,1
panasialum,1
panda,1
pantronics,1
parenting,1
parkson,1
part,1
partner,1
partytime,1
path,1
paul,1
pax,1
pc,1
pcd,1
pearl,1
pearls,1
peking,1
peninsular,1
people,1
peoples,1
peregrine,1
perennial,1
perfectech,1
persta,1
petrochemical,1
pfc,1
pheonix,1
phoenix,1
photo,1
pico,1
pictures,1
pinestone,1
pizu,1
plc,1
plover,1
plumbing,1
plus,1
plywood,1
po,1
point,1
pokfulam,1
pokphand,1
poly,1
polyard,1
polychem,1
polytec,1
poor's,1
portico,1
post,1
postal,1
pou,1
powerlong,1
prada,1
prc,1
pre-demerger,1
preferred,1
premium,1
press,1
primary,1
primeview,1
pro,1
processing,1
professional,1
progressive,1
prop,1
prosten,1
purapharm,1
pw,1
pyi,1
pyxis,1
q,1
qianhai,1
qinfa,1
qinqin,1
qpl,1
quali-smart,1
quality,1
qunxing,1
ray,1
raymond,1
razer,1
rcbc,1
rcbk,1
reach,1
realord,1
ref,1
regina,1
region,1
regular,1
renewables,1
renhe,1
renheng,1
rentals,1
rentian,1
repay,1
resorts,1
rexlot,1
rgtv,1
rich,1
richly,1
rici,1
ride,1
rise,1
risecomm,1
rivera,1
riverhill,1
rm,1
rmh,1
rna,1
robot,1
roll,1
rongzhong,1
ronshine,1
rosan,1
rosedale,1
royale,1
rreef,1
rui,1
ruixin,1
rundong,1
rural,1
rusal,1
rykadan,1
ryoden,1
saint,1
saite,1
sale,1
salon,1
sam,1
samling,1
samsonite,1
sanai,1
sandi,1
sandmartin,1
sands,1
sanjiang,1
sanroc,1
sansheng,1
sany,1
sanyuan,1
sas,1
satu,1
saunda,1
savings,1
sce,1
schramm,1
scilla,1
scss,1
scud,1
sdm,1
seamless,1
seapower,1
seas,1
seec,1
sen,1
sense,1
senyuan,1
seoul,1
set,1
settlement,1
sfk,1
sg,1
sh,1
sha,1
shandong,1
shangri-la,1
shanshui,1
shanxi,1
shape,1
share,1
sheen,1
sheep,1
shenghai,1
shengjing,1
shengli,1
shenglong,1
shengmu,1
shenguan,1
shentong,1
shenwan,1
shenzhou,1
sheung,1
shield,1
shifang,1
shineway,1
shirble,1
shis,1
shou,1
shuanghua,1
shum,1
shunfeng,1
si,1
siberian,1
sicav,1
sihuan,1
siic,1
silkroad,1
sim,1
sime,1
sin,1
sinco,1
singamas,1
singasia,1
sino-i,1
sino-life,1
sino-ocean,1
sinocan,1
sinochem,1
sinofert,1
sinofortune,1
sinolink,1
sinomax,1
sinomedia,1
sinopec,1
sinostar,1
sinotrans,1
sinotruk,1
sisram,1
sitc,1
sitoy,1
siu-fung,1
sjm,1
sk,1
skyfame,1
skyworth,1
slater,1
smart-core,1
smartac,1
smarter,1
smartone,1
smartpay,1
smit,1
snp,1
socam,1
soft,1
softpower,1
soho,1
solargiga,1
solartech,1
solomon,1
somerley,1
soundwill,1
source,1
southeast,1
southwest,1
sparkle,1
special,1
specialised,1
speedy,1
spirit,1
splendecor,1
splendid,1
splendor,1
sport,1
springland,1
spt,1
sre,1
ssy,1
starch,1
starlight,1
starlite,1
starrise,1
stars,1
states,1
station,1
steed,1
stella,1
stelux,1
stock,1
strategy,1
strength,1
stride,1
strike,1
styland,1
sub-fund,1
suchuang,1
suga,1
sui,1
summi,1
sunac,1
suncity,1
suncorp,1
sundart,1
sunday,1
sunevision,1
sunfonda,1
sungala,1
sunlight,1
sunny,1
sunwah,1
sunway,1
super,1
superactive,1
superb,1
superdata,1
superford,1
superrobotics,1
sure,1
sustainability,1
sustainable,1
sweeteners,1
symphony,1
synergis,1
synertone,1
systech,1
system,1
ta,1
tac,1
taifeng,1
taihe,1
taiping,1
takbo,1
taki,1
talent,1
tangtingyi,1
tannery,1
tansh,1
taung,1
tc,1
tcc,1
teamway,1
technovator,1
techtronic,1
teck,1
tele-net,1
telecommunication,1
telemedia,1
tem,1
tempus,1
tenfu,1
tengy,1
tenwow,1
tern,1
tesson,1
texhong,1
textiles,1
texwinca,1
tg,1
tgrt,1
thai,1
the,1
thelloy,1
theme,1
thin,1
thiz,1
throat,1
tianda,1
tiande,1
tiandi,1
tiangong,1
tianhe,1
tianli,1
tianneng,1
tianyi,1
tianyun,1
tibet,1
tic,1
time2u,1
timeless,1
ting,1
tingyi,1
titano-magnetite,1
titans,1
tk,1
tl,1
tmt,1
tomo,1
tomson,1
tongfang,1
tonking,1
tonly,1
tontine,1
tou,1
touyun,1
tower,1
towngas,1
tpv,1
tradelink,1
trading,1
tradl,1
transmission,1
transtech,1
trauson,1
trend,1
trends,1
trigiant,1
trillion,1
trinity,1
tristate,1
truly,1
trustful,1
tsaker,1
tsc,1
tse,1
tsim,1
tsugami,1
tung,1
tungda,1
tungtex,1
tus,1
tve,1
u,1
u-right,1
u-ton,1
ukf,1
ump,1
underwrite,1
uni-bio,1
uni-president,1
unicom,1
unienergy,1
unisplendour,1
unitas,1
unitex,1
units,1
up,1
upbest,1
uptown,1
utilization,1
v-tex,1
v1,1
valley,1
values,1
vanadium,1
vanguard,1
vanke,1
vantage,1
varitronix,1
vast,1
vbg,1
vedan,1
veeko,1
vehicles,1
venture,1
vertical,1
vestate,1
vincent,1
vinco,1
vinda,1
virscend,1
vital,1
vitasoy,1
viva,1
vixtel,1
vodatel,1
vongroup,1
vpower,1
vs,1
vstecs,1
vtech,1
w,1
walker,1
wall,1
wanasports,1
wanda,1
wanguo,1
wanjia,1
wasion,1
waste,1
watrt,1
wayton,1
wcjw,1
wealthy,1
weaving,1
websoft,1
wei,1
welling,1
wen,1
wh,1
wheel,1
wide,1
william,1
windmill,1
wine,1
winfair,1
winfull,1
winning,1
winox,1
winshine,1
winson,1
winsor,1
winto,1
winton,1
wireless,1
wise,1
wison,1
with,1
wls,1
wonderful,1
wong,1
woo,1
wood,1
world-link,1
worldgate,1
worldwide,1
wuling,1
wuxi,1
wuzhou,1
wwpkg,1
wynn,1
xdlong,1
xia,1
xiabuxiabu,1
xiangxing,1
xiezhong,1
xinchen,1
xingda,1
xingfa,1
xinhua,1
xinming,1
xinte,1
xtep,1
y,1
ya,1
yadea,1
yanchang,1
yangtze,1
yangtzekiang,1
yangzhou,1
yashili,1
yau,1
ye,1
yee,1
yeebo,1
yeow,1
yestar,1
ygm,1
yichang,1
yida,1
yihai,1
yin_he_holdings,1
yingde,1
yip's,1
yo,1
yongda,1
yongsheng,1
yorkey,1
you,1
youyuan,1
yt,1
yuanda,1
yuanshengtai,1
yugang,1
yuk,1
yunbo,1
yunfeng,1
yurun,1
yusei,1
yuxing,1
yuzhou,1
zall,1
zealand,1
zendai,1
zh,1
zhan,1
zhangjiang,1
zheng,1
zhengtong,1
zhengye,1
zhidao,1
zhongan,1
zhongda,1
zhongdi,1
zhongsheng,1
zhongtian,1
zhongwang,1
zhongyu,1
zhongyuan,1
zhongzhi,1
zhou,1
zhuguang,1
zhuhai_hdg,1
zmfy,1
zz,1
