issuer,Idate,Fdate,ISIN,ticker,SIC
Sky Hawk Computer Grp Hldg Ltd,2002/1/15,2002/1/8,,1129,3577
Anhui Conch Cement Co Ltd,2002/1/22,2002/1/22,,914,3241
VS International Group Ltd,2002/2/5,2002/1/31,,1002,3089
Dream International Ltd,2002/2/6,2002/1/29,,1126,3942
First Natural Foods Holdings,2002/2/7,2002/1/30,,1076,2037
Hon Po Group(Lobster King)Ltd,2002/2/8,2002/1/31,,228,5812
Moiselle Int'l Holdings Ltd,2002/2/8,2002/1/31,,130,2339
Water Oasis Group Ltd,2002/2/27,2002/2/27,,1161,5999
Sewco Intl Hldgs Ltd,2002/3/4,2002/2/22,,209,3942
Yardway Group Ltd,2002/3/19,2002/3/19,,646,5088
Fu Cheong Intl Hldg Ltd,2002/3/25,2002/3/22,,916,3955
Kenfair Intl(Hldgs)Ltd,2002/3/25,2002/3/25,,223,7389
Natural Beauty Bio-Tech Ltd,2002/3/26,2002/3/19,,157,2841
Wang Sing Intl Holdings Group,2002/4/16,2002/4/16,,2389,5084
Greenfield Chemical Holdings,2002/4/26,2002/4/18,,582,5198
VST Holdings Ltd,2002/4/29,2002/4/29,,856,5734
Linmark Group Ltd,2002/4/30,2002/4/30,,915,8742
Sino Prosper Holdings Ltd,2002/4/30,2002/4/30,,766,1521
China Shipping Dvlp Co Ltd,2002/5/9,2002/5/9,,1138,4491
Chitaly Holdings Ltd,2002/5/13,2002/5/2,,1198,2519
Topsearch Intl(Holdings)Ltd,2002/6/10,2002/6/1,,2323,3672
Harbin Brewery Group Ltd,2002/6/21,2002/6/10,,249,2082
Global Trend Intelligent Tech,2002/6/26,2002/6/18,,691,8742
Teem Foundation Group Ltd,2002/7/22,2002/7/12,,628,1751
BYD Co Ltd,2002/7/26,2002/7/22,CN0006617467,1211,3711
Inno-Tech Holdings Ltd,2002/7/30,2002/7/30,,8202,7373
Surge Recreation Holdings Ltd,2002/8/9,2002/7/31,,703,7996
Huafeng Envi Protection,2002/8/20,2002/8/20,,364,2231
Long Far Pharm Hldg Ltd,2002/8/27,2002/8/27,,2898,2836
Ming Fung Jewellery Group Ltd,2002/8/30,2002/8/22,,860,3911
Suga Intl Hldg Ltd,2002/9/6,2002/9/6,,912,3634
Asia Zirconium Ltd,2002/10/25,2002/10/17,,395,2899
LeRoi Holdings Ltd,2002/10/31,2002/10/23,,221,2331
Rontex Intl Hldgs Ltd,2002/11/6,2002/10/28,,1142,2329
Grandtop Intl Hldg Ltd,2002/11/7,2002/10/30,,2309,2389
Hainan Meilan Airport Co Ltd,2002/11/12,2002/11/6,CN0007788689,357,4512
PME Group Ltd,2002/11/12,2002/10/31,,379,3471
China Oilfield Services Ltd,2002/11/14,2002/11/4,CN0007789299,2883,1382
Hua Han Bio-Pharmaceutical,2002/12/10,2002/11/28,,587,2834
Anhui Expressway Co Ltd,2002/12/18,2002/12/18,,995,1611
Warderly Intl Hldg Ltd,2002/12/18,2002/11/29,KYG943441017,607,3639
Sinotrans Ltd,2003/2/7,2003/1/23,CN0001729671,598,4512
BEP International Holdings Ltd,2003/2/18,2003/2/18,,2326,5064
Chanco International Group Ltd,2003/2/28,2003/2/28,,264,3172
Yantai North Andre Juice Co,2003/4/22,2003/4/22,,2218,2037
ChinaSoft International Ltd,2003/6/10,2003/6/10,,354,7372
Vedan Intl(Hldgs)Ltd,2003/6/12,2003/6/3,,2317,2869
Ocean Grand Chem Hldg Ltd,2003/6/17,2003/6/17,,2882,2819
Lianhua Supermarket Commercial,2003/6/21,2003/6/11,,980,5411
Wah Yuen Holdings Ltd,2003/6/23,2003/6/12,,2349,2052
Kwang Sung Electn HK Co Ltd,2003/6/24,2003/6/24,,2310,3677
BaoYe Group Co Ltd,2003/6/25,2003/6/17,,2355,1521
China Southern Airlines Co Ltd,2003/7/7,2003/7/7,,1055,4512
Bonjour Holdings Ltd,2003/7/9,2003/6/30,KYG123731096,653,5999
Comba Telecom Sys Hldg Ltd,2003/7/10,2003/6/30,,2342,3663
Leeport(Holdings)Ltd,2003/7/10,2003/6/27,BMG542851040,387,3569
Dawnrays Pharmaceutical Ltd,2003/7/11,2003/6/30,KYG2687M1006,2348,2834
Los Enviro-Pro Holdings Ltd,2003/7/15,2003/7/15,,309,7349
Hopewell Highway,2003/7/31,2003/7/14,,737,1611
Art Textile Tech Intl Co Ltd,2003/9/10,2003/8/28,,565,2299
Hop Fung Group Holdings Ltd,2003/9/15,2003/9/15,,2320,2679
Weiqiao Textile Co Ltd,2003/9/19,2003/9/1,CN0003580551,2698,2299
Lee & Man Paper Mnfg Ltd,2003/9/20,2003/9/10,,2314,2631
Norstar Founders Group Ltd,2003/10/3,2003/9/20,,2339,3714
Jiwa Bio-Pharm Holdings Ltd,2003/10/6,2003/9/30,,2327,2834
AviChina Ind & Tech Co Ltd,2003/10/25,2003/1/11,,2357,3721
Ports Design Ltd,2003/10/25,2002/6/15,,589,2329
Broad Intelligence Intl Pharm,2003/11/19,2003/11/11,,1149,7372
Chia Hsin Cement Greater China,2003/12/2,2003/12/2,,699,3241
Great Wall Auto Hldg Co Ltd,2003/12/9,2003/11/27,CN000A0BKMB1,2333,3711
Fujian Zijin Mining Ind Co Ltd,2003/12/22,2003/8/16,,2899,1041
China Oriental Group Co Ltd,2004/2/23,2004/2/9,BMG2108V1019,581,3316
Ecogreen Fine Chem Grp Ltd,2004/2/27,2004/2/27,,2341,2899
Weichai Power Co Ltd,2004/3/3,2004/2/7,CN000A0B9CD4,2338,3519
Vision Grande Grp Hldg Ltd,2004/3/22,2004/3/22,,2300,2671
China Resources Peoples Tele,2004/3/29,2004/2/28,,331,4812
AMS Public Transport Hldgs Ltd,2004/3/30,2004/3/30,,77,4119
Solomon Systech(Intl)Ltd,2004/3/31,2004/2/28,,2878,3674
Lifestyle Intl Hldgs Ltd,2004/4/8,2004/1/17,KYG548561029,1212,5311
Shandong Molong Petro Mach Co,2004/4/13,2004/3/30,CN000A0B9ZY1,568,3317
Sinocom Software Group Ltd,2004/4/23,2004/4/20,,299,7372
China Mengniu Dairy Co Ltd,2004/6/5,2004/5/17,KYG210961051,2319,2026
Tencent Holdings Ltd,2004/6/10,2004/5/31,KYG875721063,700,7375
China Shipping Container Lines,2004/6/10,2004/5/24,CN000A0B5MC3,2866,4499
Li Ning Co Ltd,2004/6/19,2004/6/11,KYG5496K1085,2331,3949
Qin Jia Yuan Media Svcs Co Ltd,2004/6/29,2004/6/18,,2366,7812
Pacific Basin Shipping Ltd,2004/7/8,2004/6/14,,2343,4499
Luen Thai Holdings Ltd,2004/7/9,2004/6/30,KYG5697P1046,311,2331
Mitsumaru East Kit(Hldg)Ltd,2004/7/13,2004/6/30,,2358,3469
CSMC Technologies Corp,2004/8/6,2004/8/3,KYG258301038,597,3674
Zhongtian International Ltd,2004/9/15,2004/9/10,KYG989151041,2379,7373
Kam Hing Intl Hldg Ltd,2004/9/18,2004/9/14,,2307,2299
Wing Hong(Holdings)Ltd,2004/9/30,2004/9/30,,745,1522
China Force Oil & Grains,2004/10/6,2004/9/28,,1194,2079
IPE Group Ltd,2004/10/26,2004/10/19,,929,3545
ZZNode Holdings Co Ltd,2004/11/15,2004/11/8,,2371,7376
China Shineway Pharm Grp Ltd,2004/11/27,2004/11/15,,2877,2834
Texhong Textile Group Ltd,2004/11/30,2004/11/30,,2678,2211
China Wireless Tech Ltd,2004/12/6,2004/11/30,,2369,7372
Fu Ji Food & Catering Svcs,2004/12/7,2004/12/7,KYG3685B1041,1175,5812
Air China Ltd,2004/12/9,2004/11/25,CN000A0DNWD6,753,4512
IRICO Group Electronics Co Ltd,2004/12/13,2004/11/29,CN000A0DPB68,438,3671
Beijing Media Corp Ltd,2004/12/17,2004/12/10,CN000A0DN2F0,1000,2731
China Metal Intl Hldg Inc,2004/12/20,2004/12/20,,319,3443
Dynasty Fine Wines Group Ltd,2005/1/21,2005/1/17,KYG2950W1087,828,2084
Foxconn Intl Hldg Ltd,2005/1/28,2005/1/24,KYG365501041,2038,3663
Xinyi Glass Holdings Ltd,2005/1/28,2005/1/24,KYG9828G1082,868,3231
New Focus Auto Tech Holdings,2005/2/23,2005/2/17,KYG645451090,360,3711
IT Ltd,2005/2/26,2005/2/22,BMG4977W1038,999,5621
Shanghai Elec Grp Co Ltd,2005/4/27,2005/4/18,CN000A0EABT1,2727,3568
EVA Precision Ind Hldg Ltd,2005/5/5,2005/4/29,KYG321481015,838,3542
Sandmartin Intl Hldg Ltd,2005/5/5,2005/4/28,BMG780521008,482,3679
Bauhaus Intl(Hldg)Ltd,2005/5/6,2005/4/29,KYG1080K1094,483,5699
Linfair Holdings Ltd,2005/6/2,2005/5/27,KYG5503A1013,462,8711
Kenford Group Holdings Ltd,2005/6/6,2005/5/31,KYG523301003,464,3634
China Shenhua Energy Co Ltd,2005/6/8,2005/6/2,CN000A0ERK49,1088,1221
China Glass Holdings Ltd,2005/6/17,2005/6/13,BMG2111H1079,3300,3211
Jolimark Holdings Ltd,2005/6/23,2005/6/20,KYG516941005,2028,3679
GST Holdings Ltd,2005/6/24,2005/6/14,KYG4160F1072,416,3669
China COSCO Holdings Co Ltd,2005/6/25,2005/6/20,CN000A0ERWH6,1919,4412
SIM Technology Group Ltd,2005/6/25,2005/6/21,BMG814741010,2000,3663
Shinhint Acoustic Link Hldg,2005/7/14,2005/6/30,KYG811261075,2728,3651
Alltronics Holdings Ltd,2005/7/15,2005/6/30,KYG022791266,833,3679
Sinochem Hong Kong Hldg Ltd,2005/7/21,2005/7/13,BMG8165Y1286,297,5191
Hong Kong Economic Times,2005/7/28,2005/7/22,KYG4587A1031,423,2731
AAC Acoustic Tech Hldg Inc,2005/8/3,2005/6/11,KYG2953L1095,2018,3663
China Lifestyle F&B Group Ltd,2005/8/26,2005/8/16,BMG2155A1099,N/A,2024
China Yurun Food Group Ltd,2005/9/23,2005/9/3,BMG211591018,1068,2011
Hengdeli Holdings Ltd,2005/9/23,2005/9/14,KYG450481083,3389,5094
Minmetals Resources Ltd,2005/9/29,2005/9/20,HK1208013172,1208,5051
AddChance Holdings Ltd,2005/10/5,2005/9/23,KYG0108P1081,3344,2299
JF Household Furnishings Ltd,2005/10/5,2005/10/5,KYG5137M1096,776,5021
China Paradise Electrn Retail,2005/10/7,2005/9/9,KYG215751085,503,5722
Global Flex Holdings Ltd,2005/10/10,2005/6/4,KYG2237A1013,471,3672
Sincere Watch(Hong Kong)Ltd,2005/10/12,2005/9/30,KYG814791003,444,5094
One Media Group Ltd,2005/10/12,2005/9/30,KYG6752K1058,426,2721
Kasen Intl Hldgs Ltd,2005/10/15,2005/10/3,KYG5216Q1047,496,2512
Tradelink Electn Commerce Ltd,2005/10/21,2005/10/18,HK0536032532,536,7375
Guangdong Nan Yue Logistics Co,2005/10/25,2005/10/14,CN000A0HGLE2,3399,4213
Huali Holdings (Group) Ltd,2005/10/27,2005/10/24,KYG684581013,3366,2679
Ju Teng Intl Hldg Ltd,2005/10/29,2005/10/25,KYG521051063,3336,3577
Chian Haisheng Juice Hldg,2005/10/31,2005/10/25,KYG2111D1060,359,2037
Shenzhou International Group,2005/11/10,2005/11/8,KYG8087W1015,2313,2253
China Infrastructure Machinery,2005/11/11,2005/11/7,KYG2111M1069,3339,3531
Samson Holding Ltd,2005/11/11,2005/11/7,KYG7783W1006,531,2511
Parkson Retail Group Ltd,2005/11/23,2005/11/14,KYG693701073,3368,5999
Minth Group Ltd,2005/11/28,2005/11/6,KYG6145U1094,425,3711
Dongfeng Motor Co Ltd,2005/11/30,2005/11/10,CN000A0HMA01,489,3711
Xiwang Sugar Holdings Co Ltd,2005/12/5,2005/11/19,BMG9827P1095,2088,2062
China Flavors & Fragrances Co,2005/12/6,2005/11/30,KYG2111P1090,3318,2087
Fittec International Group Ltd,2005/12/6,2005/10/22,KYG351751014,2662,3674
China Ting Group Holdings Ltd,2005/12/9,2005/11/24,KYG8439J1058,3398,2284
Xiamen International Port Co,2005/12/10,2005/12/1,CN000A0HNCJ6,3378,4491
Wasion Meters Group Ltd,2005/12/15,2005/12/6,KYG9463P1081,3393,3613
Good Friend Intl Hldgs Inc,2006/1/5,2005/12/30,KYG398001001,2398,3541
Lingbao Gold Co Ltd,2006/1/6,2005/12/30,CN000A0H0MZ9,3330,1041
Modern Beauty Salon Holdings,2006/2/8,2006/1/7,KYG618101003,919,7231
Yorkey Optical International,2006/2/9,2006/1/19,KYG984571078,2788,3999
Nine Dragons Paper(Hldg)Ltd,2006/2/24,2006/2/13,BMG653181005,2689,2621
Ming Hing Holdings Ltd,2006/3/9,2006/3/3,KYG6178Z1081,402,8711
China Natl Bldg Material Co,2006/3/16,2006/3/6,CN000A0JDAF5,3323,3241
Co-Prosperity Holdings Ltd,2006/3/24,2006/3/11,KYG2421Y1052,707,2299
Hunan Nonferrous Metals Corp,2006/3/24,2005/6/18,CN000A0JDN21,2626,3339
ASMC,2006/3/30,2006/3/20,CN000A0JJ2G8,3355,3674
Shanghai Prime Mach Co Ltd,2006/4/20,2006/2/18,CN000A0JKQ03,2345,3511
Dalian Port(PDA)Co Ltd,2006/4/22,2006/4/10,CN000A0JKWN8,2880,4491
DBA Telecom (Asia) Hldgs Ltd,2006/5/8,2006/4/26,CA2329262042,3335,3674
Galaxy SemiConductor Hldgs Ltd,2006/6/8,2006/5/29,KYG376901073,527,3674
TC Interconnect Holdings Ltd,2006/6/13,2006/6/13,KYG8697M1050,515,3672
Jilin Qifeng Chemical Fiber Co,2006/6/15,2006/2/18,CN000A0J27W1,549,2281
Hembly International Hldgs Ltd,2006/7/10,2006/6/30,KYG4394T1058,3989,4731
Air China Ltd,2006/8/8,2006/7/31,CN000A0DNWD6,753,4512
Win Hanverky Holdings Ltd,2006/8/31,2006/5/13,KYG9716W1087,3322,2299
Beijing North Star Co Ltd,2006/9/13,2006/9/13,CN0009068825,588,1541
Jutal Offshore Oil Svcs Ltd,2006/9/19,2006/9/11,KYG520771075,3303,3533
China BlueChemical Ltd,2006/9/22,2006/9/11,CN000A0KFMD8,3983,2873
Lee Kee Holdings Ltd,2006/9/28,2006/9/18,KYG542761039,637,3365
Smart Union Group(Hldgs)Ltd,2006/9/28,2006/9/17,KYG822611011,2700,3944
Computime Group Ltd,2006/9/29,2006/9/19,KYG2341T1031,320,3679
HannStar Board Intl Hldgs Ltd,2006/10/5,2006/6/7,KYG4280A1031,667,3672
LK Technology Holdings Ltd,2006/10/13,2006/9/29,KYG5548P1054,558,3542
NagaCorp Ltd,2006/10/14,2006/8/26,KYG6382M1096,3918,7011
Tiande Chemical Holdings Ltd,2006/10/26,2006/10/17,KYG887551060,609,2899
China Commun Svcs Corp,2006/11/30,2006/11/27,CN000A0LE1L1,552,4813
Aupu Group Holding Co Ltd,2006/11/30,2006/11/18,KYG063571007,477,3639
Kingboard Laminates Hldg Ltd,2006/11/30,2006/8/26,KYG5257K1076,1888,3083
Zhaojin Mining Industry Co Ltd,2006/12/1,2006/11/20,CN000A0LEMS7,1818,1041
Neo-Neon Holdings Ltd,2006/12/8,2006/11/27,KYG642571015,1868,3648
China Commun Constr Co Ltd,2006/12/9,2006/11/28,CN000A0LFFW0,1800,1622
Embry Holdings Ltd,2006/12/9,2006/10/21,KYG3066H1002,1388,2341
Shanghai Jinjiang Intl Hotels,2006/12/9,2006/11/20,CN000A0LFEV5,2006,7011
Kingdom Holdings Ltd,2006/12/11,2006/11/30,KYG525741032,528,2282
Zhuzhou CSR Times Electric Co,2006/12/14,2006/12/5,CN000A0LFEY9,3898,3629
Scud Group Ltd,2006/12/15,2006/12/8,KYG794371024,1399,3691
Haitian Intl Holdings Ltd,2006/12/16,2006/12/7,KYG4232C1087,1882,3089
China Coal Energy Co Ltd,2006/12/18,2006/12/6,CN000A0LFFX8,1898,1221
Xingda Intl Holdings Ltd,2006/12/20,2006/12/8,KYG9827V1068,1899,2296
Tai-I International Hldgs Ltd,2007/1/4,2006/12/28,KYG8661B1014,1808,3357
Meadville Technologies Group,2007/1/26,2007/1/17,KYG5946E1089,3313,3674
Wuyi Intl Pharmaceutical Co,2007/1/26,2007/1/17,KYG980891082,1889,2835
Chongqing Iron & Steel Co Ltd,2007/1/30,2007/1/30,CN000A0MKWW3,1053,3312
Fufeng Group Ltd,2007/1/31,2005/1/7,KYG368441013,546,2899
China Huiyuan Juice Group Ltd,2007/2/14,2007/2/5,KYG211231074,1886,2037
Intime Dept Store (Grp) Co Ltd,2007/3/13,2007/3/1,KYG492041036,1833,5311
China Agri-Inds Hldg Ltd,2007/3/15,2006/10/14,HK0606037437,606,2079
Ajisen(China)Holdings Ltd,2007/3/23,2007/3/12,KYG0192S1093,538,5812
CITIC 1616 Holdings Ltd,2007/3/28,2007/3/16,HK1883037637,1883,4813
Noble Jewelry Holdings Ltd,2007/4/16,2007/3/30,KYG6543W1033,475,3911
China Molybdenum Co Ltd,2007/4/19,2007/4/9,CN000A0MND26,3993,3313
Aluminum Corp of China Ltd,2007/4/21,2007/4/21,CN000A0MQ7N9,2600,3334
Capxon Intl Electronic Co Ltd,2007/5/4,2007/4/24,KYG1892A1094,469,3674
China Print Power Group Ltd,2007/5/10,2007/5/3,BMG2157D1011,6828,2731
Pacific Textiles Holdings Ltd,2007/5/11,2007/5/2,KYG686121032,1382,2257
Belle Intl Holdings Ltd,2007/5/16,2007/5/3,KYG097021045,1880,3144
Jiahua Stores Holdings Ltd,2007/5/18,2007/5/8,KYG7395Y1061,602,5411
Sichuan Xinhua Winshare Chain,2007/5/22,2006/7/29,CN000A0MRKB7,811,5942
Ta Yang Group Holdings Ltd,2007/6/1,2007/5/21,KYG869171044,1991,3061
Walker Group Holdings Ltd,2007/6/1,2007/5/21,KYG261411048,1386,5661
TUL,2007/6/8,2007/5/28,KYG8813K1085,3933,2834
Tianneng Power Intl Ltd,2007/6/8,2007/5/8,KYG8655K1094,819,3691
Sunny Optical Tech(Grp)Co Ltd,2007/6/9,2007/5/28,KYG8586D1097,2382,3861
Ka Shui Intl Holdings Ltd,2007/6/12,2007/6/12,KYG5217R1011,822,3356
China COSCO Holdings Co Ltd,2007/6/20,2007/6/8,CNE100000601,1919,4412
China High Speed Transmission,2007/6/25,2007/6/14,KYG2112D1051,658,3568
Centron Telecom International,2007/6/26,2007/6/21,KYG202011022,1155,4813
China Medical Systems Hldg Ltd,2007/6/26,2007/6/6,KYG211081081,867,2834
Stella International Hldgs Ltd,2007/6/28,2007/6/18,KYG846981028,1836,3143
Tao Heung Holdings Ltd,2007/6/28,2007/5/31,KYG8672Y1089,573,5812
Delta Networks Inc,2007/6/29,2007/3/3,KYG271481080,722,3669
ANTA Sports Products Ltd,2007/6/30,2007/4/21,KYG040111059,2020,2253
Vinda International Hldg Ltd,2007/6/30,2007/6/22,KYG9361V1086,3331,2676
New World Dept Store China Ltd,2007/7/5,2007/6/25,KYG650071098,825,5311
Times Ltd,2007/7/6,2007/5/16,KYG887821000,1832,5411
Regent Manner Intl Hldgs Ltd,2007/7/9,2007/6/25,KYG7481P1000,1997,3674
China Automation Group Ltd,2007/7/11,2007/6/28,KYG2112N1034,569,7382
Tiangong International Co Ltd,2007/7/20,2007/7/6,KYG888311050,826,3317
Tech Pro Tech Dvlp Ltd,2007/9/5,2007/8/24,KYG8729J1040,3823,3675
China Oilfield Services Ltd,2007/9/12,2007/9/12,CNE100000759,2883,1382
Global Sweeteners Holdings Ltd,2007/9/14,2007/5/9,KYG3932Q1029,3889,2087
Hidili Industry International,2007/9/14,2007/6/4,KYG444031069,1393,1221
Qunxing Paper Holdings Co Ltd,2007/9/20,2007/8/27,KYG7329J1004,3868,2621
China Starch Holdings Ltd,2007/9/25,2007/9/11,KYG2161A1013,3838,2046
Dachan Food(Asia)Ltd,2007/9/25,2007/9/14,KYG261441086,3999,2011
China Shenhua Energy Co Ltd,2007/9/26,2007/9/19,CNE100000767,1088,1221
Kingsoft Corp Ltd,2007/9/28,2007/9/17,KYG5264Y1089,3888,7372
Bosideng Intl Hldg Ltd,2007/10/3,2007/5/7,KYG126521064,3998,2299
China Dongxiang(Group)Co Ltd,2007/10/3,2007/8/22,KYG2112Y1098,3818,3949
Xinjiang XinXin Mining,2007/10/4,2006/7/29,CNE1000007G2,3833,1021
Dah Chong Hong Holdings Ltd,2007/10/10,2007/8/1,HK1828040670,1828,5511
Ming Fai International,2007/10/25,2007/10/18,KYG6141X1079,3828,2841
Alibaba.com Ltd,2007/10/26,2007/10/15,KYG017171003,1688,5961
Huafeng Textile Intl Grp Ltd,2007/11/5,2007/6/5,KR8136010004,364,2299
Rainbow Brothers Hldgs Ltd,2007/11/12,2007/11/8,KYG7348C1024,33,3999
Sinotrans Shipping Ltd,2007/11/17,2007/5/7,HK0368041528,368,4412
Sinotruk(Hong Kong)Ltd,2007/11/21,2006/7/1,HK3808041546,3808,3711
Dongyue Group Ltd,2007/11/30,2007/11/20,KYG2816P1072,189,2869
China Sunshine Paper Hldg Co,2007/12/5,2007/11/26,KYG215A01058,2002,2631
China Shipping Container Lines,2007/12/5,2007/11/28,CNE1000008F2,2866,4499
Anton Oilfield Services Group,2007/12/7,2007/11/7,KYG039991024,3337,1382
Uni-President China Holdings,2007/12/7,2007/11/26,KYG9222R1065,220,5149
Eyang Holdings(Group)Co Ltd,2007/12/11,2007/12/11,KYG302931079,117,5065
Vietnam Mnfg & Export Process,2007/12/11,2007/11/28,KYG936171019,422,3751
Pacific Online Ltd,2007/12/11,2007/12/3,KYG9684P1019,543,7375
China Natl Materials Co Ltd,2007/12/12,2007/12/3,CNE100000874,1893,3559
BYD Electronic(Intl)Co Ltd,2007/12/13,2007/11/30,HK0285041858,285,3663
Xingye Copper,2007/12/18,2007/12/8,KYG982761010,505,3351
Pan Asia Environmental Grp Ltd,2007/12/20,2007/12/20,KYG6883P1063,556,5085
China Coal Energy Co Ltd,2008/1/28,2008/1/24,CNE100000957,1898,1221
New Media Group Holdings Ltd,2008/2/10,2008/1/28,HK0708043713,708,2731
Honghua Group Ltd,2008/2/29,2008/2/19,KYG4584R1092,196,3541
Solargiga Energy Hldg Ltd,2008/3/13,2008/3/11,KYG8268W1024,757,3674
Want Want China Holdings Ltd,2008/3/15,2008/1/5,KYG9431R1039,151,2044
Xingfa Aluminium Holdings Ltd,2008/3/20,2008/1/25,KYG9828C1078,98,3363
Zijin Mining Group Co Ltd,2008/4/18,2007/2/3,CNE100000B24,2899,1041
Maoye International Holdings,2008/4/24,2008/4/21,KYG5804G1047,848,5311
Artini China Co Ltd,2008/5/8,2008/4/28,BMG050981015,789,3911
Asia Cement(China)Hldg Corp,2008/5/10,2008/4/28,KYG0539C1069,743,3241
Xtep International Holdings,2008/5/28,2008/5/21,KYG982771092,1368,3021
Pou Sheng Intl Hldgs Ltd,2008/5/30,2008/5/16,BMG7208D1092,3813,5621
A8 Digital Music Holdings Ltd,2008/6/4,2008/5/27,KYG011921064,800,3663
Little Sheep Group Limited,2008/6/5,2008/5/13,KYG550691011,968,5812
Chongqing Mach & Electric Co,2008/6/6,2008/5/13,CNE1000009W5,2722,3714
China Shanshui Cement Grp Ltd,2008/6/26,2008/6/16,KYG2116M1015,691,3241
Sinomedia Holding Ltd,2008/7/2,2008/6/24,HK0000046869,623,7319
SJM Holdings Ltd,2008/7/3,2008/6/23,HK0880043028,880,7011
iOne Holdings Ltd,2008/7/4,2008/6/27,BMG493651027,982,2732
Tianyi Fruit Holdings Ltd,2008/7/7,2008/6/30,KYG8879K1094,756,2086
Emperor Watch & Jewellery Ltd,2008/7/14,2008/6/18,HK0000047982,887,5944
China Zirconium Ltd,2008/8/15,2008/5/13,KYG2122C1217,395,2899
Bloomage BioTechnology Corp,2008/9/30,2008/9/19,KYG1179M1078,963,2834
Shanghai Electric Group Co Ltd,2008/11/11,2008/11/11,CNE100000437,2727,3559
Vitar International Hldg Ltd,2008/11/11,2008/10/30,KYG9382J1004,195,2822
CVM Minerals Ltd,2008/12/15,2007/12/21,HK0000046877,705,1099
Strong Petrochemical Hldg Ltd,2009/1/9,2008/12/23,KYG853951047,852,5172
China Singyes Solar Tech Hdlg,2009/1/12,2008/12/30,BMG2161E1030,750,8711
Real Gold Mining Ltd,2009/2/14,2009/2/4,KYG740991057,246,1041
Come Sure Group(Holdings)Ltd,2009/2/25,2009/2/16,KYG2298N1097,794,2675
Asia Cassava Resources Hldg,2009/3/20,2009/2/26,KYG053931062,841,5145
CT Hldg (Intl) Ltd,2009/3/27,2009/3/18,KYG270611034,1008,2732
Silver Base Group Holdings Ltd,2009/4/3,2008/5/17,KYG816941044,886,2085
China Zhongwang Holdings Ltd,2009/4/30,2008/12/3,KYG215AT1023,1333,3334
Lumena Resources Corp,2009/6/9,2009/6/1,KYG569761060,67,1474
Hing Lee Holdings Ltd,2009/6/19,2009/6/9,BMG4589N1039,396,2519
361 Degrees International Ltd,2009/6/23,2009/5/29,KYG884931042,1361,3949
Bawang International,2009/6/26,2009/5/21,KYG090381032,1338,2841
China Qinfa Group Ltd,2009/7/2,2009/2/12,KYG2159E1070,866,5052
Sichuan Expressway Co Ltd,2009/7/16,2009/7/16,CNE100000494,107,4785
BBMG Corp,2009/7/22,2009/7/13,CNE100000F20,2009,3241
Sundart International Holdings,2009/8/14,2009/8/3,KYG8572A1013,2288,8712
Modern Media Holdings Ltd,2009/9/8,2009/8/28,KYG618251089,72,2731
Metallurgical Corp of China,2009/9/10,2007/5/7,CNE100000FX6,1618,8711
China All Access Holdings Ltd,2009/9/15,2009/9/4,KYG211341048,633,7372
Sinopharm Group Co Ltd,2009/9/16,2009/8/31,CNE100000FN7,1099,2834
China Lilang Ltd,2009/9/16,2008/5/30,KYG211411098,1234,5611
Metallurgical Corp of China,2009/9/17,2007/5/7,CNE100000FF3,1618,8711
Peak Sport products Co Ltd,2009/9/22,2009/7/20,KYG695991011,1968,2329
China South City Holdings Ltd,2009/9/23,2008/6/7,HK0000056264,1668,7389
China Resources Cement,2009/9/25,2008/11/22,KYG2113L1068,1313,3241
Ausnutria Dairy Corp Ltd,2009/9/30,2009/7/20,KYG063181021,1717,5143
Wynn Macau Ltd,2009/9/30,2009/9/21,KYG981491007,1128,7011
Yingde Gases Group Co Ltd,2009/9/30,2009/8/19,KYG984301047,2168,2813
Shenguan Holdings Ltd,2009/10/7,2009/9/25,KYG8116M1087,829,2013
Comtec Solar Systems Group Ltd,2009/10/23,2009/8/8,KYG234201054,712,3674
Trinity Ltd,2009/10/27,2009/10/12,BMG906241002,891,5136
CPMC Holdings Ltd,2009/11/6,2008/6/3,HK0000057171,906,3411
China High Precision Auto,2009/11/6,2008/8/20,KYG211221091,591,3711
China Tontine Wines Group Ltd,2009/11/16,2009/11/5,BMG215A41075,389,2084
Sany Heavy Equipment Co Ltd,2009/11/18,2009/5/16,KYG781631059,631,3531
Sands China Ltd,2009/11/20,2009/7/20,KYG7800X1079,1928,7011
Futong Technology Development,2009/12/3,2009/11/24,KYG369921088,465,5045
PCD Stores(Group)Ltd,2009/12/9,2007/12/3,KYG6956E1035,331,5311
Mobi Development,2009/12/11,2009/11/26,KYG618391091,947,4812
Sandmartin Intl Hldg Ltd,2009/12/11,2009/10/20,BMG780521008,482,3679
China Corn Oil Co Ltd,2009/12/14,2009/12/2,KYG4465A1004,1006,2046
Shengli Oil & Gas Pipe Hldg,2009/12/14,2009/11/30,KYG811661035,1080,3317
Hontex International Hldgs Co,2009/12/17,2009/12/14,KYG459771088,946,2211
Huayu Expressway Group Ltd,2009/12/17,2009/12/10,KYG464101099,1823,1611
Carpenter Tan Holdings Ltd,2009/12/28,2009/12/15,KYG1991G1064,837,2499
Schramm Holding AG,2009/12/28,2009/12/15,DE000A0L1JZ7,955,2295
United Company Rusal PLC,2010/1/21,2009/9/29,JE00B5BCW814,486,3334
Meike Intl Holdings Ltd,2010/1/25,2010/1/19,KYG596631070,953,2329
Chu Kong Petroleum & Natural,2010/2/2,2010/1/8,KYG212331048,1938,3317
Intl Mining Mach Hldg Ltd,2010/2/4,2010/1/5,KYG488581078,1683,3532
Ruinian International Ltd,2010/2/12,2010/2/8,KYG771301051,2010,2834
Huiyin Household Appliances,2010/3/19,2010/2/24,KYG464311052,1280,5722
Zhongsheng Grp Hldg Ltd,2010/3/19,2010/3/10,KYG9894K1085,881,5511
Flyke Intl Holdings Ltd,2010/3/20,2010/3/16,KYG3604K1022,1998,3021
Far East Global Group Ltd,2010/3/24,2010/2/9,KYG331271042,830,3449
Man Wah Holdings Ltd,2010/3/24,2010/3/11,BMG5800U1071,1999,2512
Fook Woo Group Holdings Ltd,2010/3/25,2009/3/26,KYG3618A1085,923,2621
Sijia Group Co Ltd,2010/4/16,2010/4/9,KYG8128A1004,1863,2221
O-Net Communications(Group)Ltd,2010/4/23,2010/4/14,KYG6771C1006,877,3825
Lansen Pharmaceutical Hldgs Co,2010/4/30,2010/4/1,KYG5380M1033,503,2834
L'Occitane International SA,2010/4/30,2010/4/19,LU0501835309,973,2844
NVC Lighting Holding Ltd,2010/5/12,2010/1/18,KYG6700A1004,2222,3645
Youyuan International Hldg Ltd,2010/5/20,2010/5/4,KYG987641068,2268,2676
China Titans Energy Technology,2010/5/27,2010/5/18,KYG2113Y1089,2188,3699
Directel Holdings Ltd,2010/6/1,2010/5/28,SE0000556292,8337,4812
Intl Taifeng Holdings Ltd,2010/6/4,2009/11/3,KYG4913C1042,873,2281
COSTIN New Materials Group Ltd,2010/6/15,2010/6/1,KYG2450W1033,2228,2297
China Liansu Group Holdings,2010/6/15,2010/5/19,KYG2159F1046,2128,3084
Trauson Holdings Co Ltd,2010/6/22,2010/6/14,KYG901371032,325 HK,5047
Chaowei Power Hldg Ltd,2010/6/29,2010/6/14,KYG204791043,951,3692
Sinoref Holdings Ltd,2010/7/1,2010/6/4,KYG8186W1015,1020,3317
Chiho-Tiande Group Ltd,2010/7/5,2010/6/21,KYG4465A1004,976,5093
China ITS(Holdings)Co Ltd,2010/7/9,2007/11/17,KYG2161M1050,1900,7373
Tsun Yip Holdings Ltd,2010/8/20,2010/8/20,KYG9122P1019,8356,8711
China Sanjiang Fine Chemicals,2010/9/10,2010/8/23,KYG211861045,2198,5169
China Medical System Hldg Ltd,2010/9/15,2010/1/13,KYG211081164,867,2834
Changfeng Axle(China)Co Ltd,2010/9/16,2010/7/6,KYG203911014,1039,3714
Magic Holdings Intl Ltd,2010/9/16,2010/5/6,KYG577701025,1633,2844
Microport Scientific Corp,2010/9/20,2008/3/12,KYG608371046,853,5047
Besunyen Holdings Co Ltd,2010/9/21,2010/7/14,KYG107051040,926,5499
Boshiwa Intl Hldg Ltd,2010/9/22,2010/8/6,KYG126231078,1698,5651
SITC Intl Hldg Co Ltd,2010/9/24,2010/8/23,KYG8187G1055,1308,4731
Shandong Molong Petro Mach Co,2010/9/30,2008/11/10,CNE1000001N1,568,3317
Trony Solar Hldgs Co Ltd,2010/9/30,2010/8/16,KYG908021028,2468,3674
Winsway Coking Coal Hldg Ltd,2010/9/30,2010/5/11,VGG972141037,1733,5052
Ford Glory Group Holdings Ltd,2010/10/4,2010/9/17,BMG3657C1064,1682,2299
Kosmopolito Hotels Intl Ltd,2010/10/5,2010/6/30,KYG5315A1094,2266,7011
Mongolian Mining Corp,2010/10/5,2010/7/13,KYG6264V1023,975,5052
Great Harvest Maeta Group Hold,2010/10/7,2010/9/27,KYG4163E1070,3683,3443
Sun King Power Electronics Grp,2010/10/7,2010/9/30,KYG857AW1047,580,3699
Boer Power Holdings Ltd,2010/10/13,2010/6/21,KYG121611084,1685,3613
IRC Ltd,2010/10/13,2010/6/9,HK0000068244,1029,1011
Springland Intl Hldg Ltd,2010/10/13,2010/8/23,KYG837851081,1700,5311
Global Dairy Hldgs Ltd,2010/10/21,2010/8/10,KYG3925M1006,1007,2023
Sihuan Pharm Hldgs Grp Ltd,2010/10/21,2010/8/4,BMG8162K1053,460,2834
Yashili Intl Hldg Ltd,2010/10/26,2010/8/9,KYG983401053,1230,2023
Evergreen Intl Hldg Ltd,2010/10/27,2010/10/18,KYG3225T1022,238,5611
Infinity Chemical Holdings Co,2010/11/5,2010/7/29,KYG4772A1085,640,5169
Leoch International Technology,2010/11/9,2010/10/18,KYG546541015,842,3691
Shirble Dept Stores Hldg,2010/11/10,2010/11/3,KYG810871015,312,5311
HL Technology Group Ltd,2010/11/11,2010/11/3,,1087,3357
China Rongsheng Heavy ind grp,2010/11/11,2010/11/1,KYG211871028,1101,3731
Wah Nam Intl Hldgs Ltd,2010/11/11,2010/11/11,BMG9419B1046,159,4785
Goodbaby International Holding,2010/11/17,2010/10/19,KYG398141013,1086,5999
Da Ming International Hldg Ltd,2010/11/23,2010/11/15,KYG2744A1076,1090,3312
Dalian Port(PDA)Co Ltd,2010/11/24,2009/10/2,CNE100000X77,2880,4491
Kingworld Medicines Group Ltd,2010/11/24,2010/11/12,KYG5268M1006,1110,5122
Greatview Aseptic Packaging Co,2010/12/2,2010/11/26,KYG407691040,468,7389
Shifang Holding Ltd,2010/12/2,2010/11/22,KYG8126A1022,1831,7313
China ZhengTong Auto Svcs,2010/12/3,2010/11/22,KYG215A81084,1728,5511
Sateri Holdings Ltd,2010/12/3,2010/4/29,BMG7821D1065,1768,2823
MIE Holdings Corp,2010/12/7,2010/11/29,KYG611571061,1555,1311
Biostime Int Hldg Ltd,2010/12/10,2010/12/2,KYG112591014,1112,2032
World Wide Touch Tech(Hldg),2010/12/14,2010/12/2,KYG9786R1048,1282,3577
PAX Global Tech Ltd,2010/12/15,2010/4/1,,327,3825
Kee Holdings Co Ltd,2010/12/31,2010/12/31,,2011,3965
Newtree Group Holdings Ltd,2011/1/12,2010/12/31,KYG649411009,1323,3842
Baofeng Modern Intl Hldg,2011/1/24,2010/12/13,KYG089061025,1121,3142
Telefield Intl(Holdings)Ltd,2011/1/26,2011/1/14,KYG873261070,1143,3661
China Kingstone Mining Holding,2011/3/11,2011/1/21,KYG2115A1085,1380,1411
China Hongqiao Group Ltd,2011/3/18,2011/1/24,KYG211501005,1378,3353
China NT Pharma(Group)Co Ltd,2011/4/14,2011/1/28,KYG2114L1059,1011,2834
Hilong Holding Ltd,2011/4/14,2011/4/6,KYG4509G1055,1623,3533
Tang Palace(China) Holdings,2011/4/18,2011/3/4,KYG867001045,1811,5812
Yuanda China Holdings Ltd,2011/5/4,2011/4/20,KYG987761007,2789,2391
Billion Industrial Holdings,2011/5/13,2011/2/8,KYG110431098,2299,2299
China Flooring Holding Co Ltd,2011/5/19,2011/4/26,KYG2114N1016,2083,2511
Milan Station Holdings Ltd,2011/5/20,2011/5/11,KYG611701098,1150,3171
Zhengye International Hldgs Co,2011/5/24,2011/3/14,BMG989231086,3363,2621
MGM China Holdings Ltd,2011/5/27,2011/5/17,KYG607441022,2282,7011
Dragon Crown Group Holding Ltd,2011/6/2,2011/5/30,KYG290281008,935,4412
Samsonite International SA,2011/6/10,2011/6/3,LU0633102719,1910,3161
BYD Co Ltd,2011/6/17,2010/8/23,CNE100001526,1211,3711
Prada SpA,2011/6/17,2011/6/2,IT0003874101,1913,2331
Shuanghua Holdings Ltd,2011/6/17,2011/6/17,KYG811581001,1241,3585
Xiangyu Dredging Holdings Ltd,2011/6/17,2011/5/30,KYG9829F1090,871,1629
Modern Education Group Ltd,2011/6/20,2011/6/20,KYG618261062,1082,8299
Tibet 5100 Water Resources,2011/6/24,2011/2/11,KYG886121097,1115,2086
China Fiber Optic Network,2011/6/27,2011/6/1,KYG211521060,3777,3229
Newton Resources Ltd,2011/6/27,2011/5/31,KYG6525A1031,1231,1011
Golden Shield Hld indust Ltd,2011/6/28,2011/6/28,BMG3959E1075,2123,2211
Prince Frog Intl Hldgs Ltd,2011/7/6,2011/5/30,KYG7247W1006,1259,2844
Shunfeng Photovoltaic Intl Co,2011/7/6,2011/6/30,KYG811701054,1165,3674
Zall Development (Cayman),2011/7/6,2011/6/29,KYG988561000,2098,1542
China Print Power Group Ltd,2011/7/11,2011/3/22,BMG2157D1011,6828,2731
Winox Holdings Ltd,2011/7/19,2011/6/30,KYG971741098,6838,3312
1010 Printing Group Ltd,2011/7/22,2011/3/18,BMG6769Z1032,1127,2741
Hongguo Intl Hldgs Ltd,2011/9/17,2011/8/18,BMG2008E1003,1028,3144
Great Wall Motor Co Ltd,2011/9/20,2010/10/12,CNE1000018V8,2333,3711
Tenfu(Cayman)Holdings Co Ltd,2011/9/21,2011/9/14,KYG875941000,6868,2099
Active Group Holdings Ltd,2011/9/27,2011/9/16,KYG0082W1033,1096,3149
China Hanking Holdings Ltd,2011/9/27,2011/9/20,KYG2115G1055,3788,1011
Travel Expert(Asia),2011/9/27,2011/9/16,KYG9042P1081,1235,4724
Fornton Group Ltd,2011/10/18,2011/10/18,BMG363981082,1152,2399
Lifetech Scientific Corp,2011/11/8,2011/10/31,KYG548721094,8122,3841
Grand Concord Intl Hldg Ltd,2011/11/14,2011/11/14,VGG4053T1075,844,2254
Jin Bao Bao Holdings Ltd,2011/11/17,2011/11/8,KYG513751068,1239,2657
China Vehicle Components,2011/11/22,2011/11/11,KYG2163A1094,1269,3714
China Lifestyle F&B Group Ltd,2011/11/28,2011/7/25,BMG2155A1099,1262,2024
China Outfitters,2011/11/29,2011/7/19,KYG2115H1039,1146,5136
Sitoy Group Holdings Ltd,2011/11/30,2011/10/20,KYG8190E1052,1023,3171
China Polymetallic Mining,2011/12/2,2011/11/14,KYG215841001,2133,1031
China First Chemical Holding,2011/12/2,2011/6/23,KYG2114W1015,2121,2899
Hosa International Ltd,2011/12/6,2011/7/18,KYG461091079,2200,2299
Baoxin Auto Group Ltd,2011/12/7,2011/11/28,KYG089091063,1293,5511
OTO Holdings Ltd,2011/12/12,2011/12/1,KYG6846T1040,6880,2023
SPT Energy Group,2011/12/19,2011/12/2,KYG8405W1069,1251,1311
China Tianrui Group Cement Co,2011/12/20,2011/12/13,KYG844081060,1252,3241
Guodian Tech & Envi Grp Corp,2011/12/20,2011/7/21,CNE1000019J1,1296,3511
China Weaving Materials Hlgds,2011/12/21,2011/12/12,KYG2116A1076,3778,2281
PC Partner Group Ltd,2011/12/28,2011/12/28,KYG6956A1013,1263,3679
Huili Resources (Group) Ltd,2011/12/29,2011/12/29,KYG464281016,1303,3369
Allied Cement Holdings Ltd,2011/12/30,2011/4/15,KYG018681018,1312,3241
Huazhong Holdings Co Ltd,2012/1/11,2011/12/30,KYG464231029,6830,3711
ASR Holdings Ltd,2012/1/13,2011/12/30,KYG054271021,1803,4512
Megalogic Technology Hldng Ltd,2012/1/17,2011/5/4,HK0080033100,8242,3674
Vision Fame International Hld,2012/1/17,2011/12/29,KYG937641010,1315,1522
Perfect Shape (Prc) Holdings,2012/1/31,2011/12/13,KYG7013H1056,1830,7231
Christine Intl Hldg Ltd,2012/2/15,2012/2/6,KYG211991073,1210,2053
Xiwang Special Steel Co Ltd,2012/2/17,2012/1/30,HK0000101367,1266,3325
Sunshine Oilsands Ltd,2012/2/29,2011/6/7,CA8678421063,2012,1381
Trigiant Group Ltd,2012/3/16,2012/3/6,KYG905191022,1300,4899
Kinetic Mines & Energy Ltd,2012/3/16,2012/1/10,KYG525931039,1277,1221
CW Group Holdings Ltd,2012/3/28,2012/3/20,KYG2730T1022,1322,8711
Juda Intl Hldg Ltd,2012/3/29,2012/3/21,KYG5209H1039,1329,2819
Jiangnan Group Ltd,2012/4/17,2012/3/1,KYG513831001,1366,3496
Synertone Communication Corp,2012/4/17,2012/3/30,KYG8650N1088,1613,4813
Branding China Group Ltd,2012/4/26,2012/4/17,KYG131101043,8219,7312
China Zhongsheng Resources,2012/4/26,2012/4/17,KYG215A91067,2623,1011
Dongwu Cement Intl Ltd,2012/6/12,2012/5/31,,695,3241
Xiezhong Intl Hldg Ltd,2012/6/15,2012/6/6,KYG9828P1081,3663,3585
Xiao Nan Guo Restaurants,2012/6/21,2012/4/20,KYG9829M1042,3666,5812
China Nonferrous Mining Corp,2012/6/25,2012/6/1,HK0000112026,1258,1021
Qualipak Intl Hldgs Ltd,2012/6/28,2012/3/2,,1332,7389
China Alum Intl Engineering,2012/6/29,2012/1/4,CNE100001F78,2068,8711
China Yongda Automobiles Hlds,2012/6/29,2012/5/29,,3699,5511
Merry Garden Holdings Ltd,2012/7/5,2012/6/25,KYG602941083,1237,5021
Bolina Holding Co Ltd,2012/7/9,2012/3/9,KYG121891090,1190,3431
Wanguo Intl Mining Group Ltd,2012/7/9,2012/6/26,KYG9430L1077,3939,1499
Sheen Tai Holdings Group Co,2012/7/12,2012/6/29,KYG8079L1059,1335,2671
Dynam Japan Holdings Co Ltd,2012/7/31,2012/3/22,JP3491910000,6889,7993
First Tractor Co Ltd,2012/7/31,2010/6/28,CNE100000320,38,3523
China Molybdenum Co Ltd,2012/9/20,2010/12/10,,3993,1099
KFM Kingdom Holdings Ltd,2012/10/12,2012/9/28,KYG525551027,3816,3567
Sunley Holdings Ltd,2012/10/17,2012/9/27,KYG857731023,1240,7353
Zhejiang Shibao Co Ltd,2012/10/25,2011/4/7,CNE100001MJ9,1057,3714
Tsui Wah Holdings Ltd,2012/11/21,2012/4/27,KYG911501057,1314,5812
Casablanca Group Ltd,2012/11/22,2012/10/18,,2223,5021
China Machinery Engig Corp,2012/12/17,2012/4/27,,1829,8711
Wison Engineering Services Co,2012/12/19,2011/9/3,KYG972301090,2236,8711
China Silver Group Ltd,2012/12/27,2012/12/11,KYG211771038,815,3914
Speedy Global Holdings Ltd,2013/1/14,2012/12/31,KYG834551080,540,2339
Quali-Smart Holdings Ltd,2013/1/22,2013/1/11,KYG198891072,1348,3944
Chinalco Mining Corp Intl,2013/1/24,2013/1/17,KYG211291045,3668,1021
PanAsialum Holdings Co Ltd,2013/1/29,2012/10/25,KYG688451098,2078,3353
Termbray Petro-king Oilfield,2013/2/28,2012/8/16,VGG8763A1003,2178,1311
Xinchen China Power Hldg Ltd,2013/3/5,2012/9/3,KYG9830E1098,1148,3519
OI Wah Pawnshop Credit Hld Ltd,2013/3/11,2013/2/27,KYG6730A1040,1319,5932
Beijing Tong Ren Tang Chinese,2013/4/30,2011/2/28,,8138,2834
Sinopec Engineering(Group)Co,2013/5/16,2013/5/10,CNE100001NV2,2386,8711
China Harmony Auto Holding Ltd,2013/6/7,2013/5/31,,3836,5511
Freetech Road RecyclingTech,2013/6/20,2013/6/14,KYG3728H1002,6888,1799
CAA Resources Ltd,2013/6/27,2013/6/7,,2112,1011
Macau Legend Development Ltd,2013/7/2,2013/1/3,KYG573611004,1680,7011
Jin Cai Holdings Co Ltd,2013/7/4,2013/6/24,KYG513781008,1250,2679
Wisdom Holdings Group,2013/7/5,2013/6/4,KYG9722N1007,1611,7313
Sinosoft Technology Group Ltd,2013/7/8,2013/6/7,KYG818751094,1297,7379
S Culture International,2013/7/10,2013/6/28,,1255,3143
China Aluminum Cans Holdings,2013/7/11,2013/6/28,KYG211551091,6898,3354
China Solar Energy Hldgs Ltd,2013/7/26,2013/7/26,BMG2111R1705,155,3674
Grand Ming Group Holding Ltd,2013/8/8,2013/7/26,,1271,1542
Tenwow International Hldgs Ltd,2013/9/11,2012/6/28,KYG870741033,1219,2033
China Huishan Dairy Hldgs Co L,2013/9/19,2012/2/15,KYG2117A1067,6863,5143
CT Environmental Group Ltd,2013/9/24,2011/9/8,KYG258851073,1363,9511
Intl Housewares Retail,2013/9/24,2013/8/30,KYG487291000,1373,5719
Forgame Holdings Ltd,2013/9/26,2013/7/12,KYG363361083,484,7372
Nexteer Automotive Group Ltd,2013/9/30,2013/4/10,,1316,3711
China Ludao Technology Co Ltd,2013/10/10,2013/9/30,KYG215821045,2023,2899
Yestar International Hldgs Co,2013/10/10,2013/9/27,,2393,3861
Ngai Shun Holdings Ltd,2013/10/15,2013/9/30,,1246,3531
IGG Inc,2013/10/17,2013/10/4,,8002,7372
Cabbeen Fashion Ltd,2013/10/21,2013/10/7,KYG3164W1087,2030,5611
Hydoo International Holdings,2013/10/25,2013/10/3,KYG4678A1031,1396,8611
China Saite Group Co Ltd,2013/10/31,2013/10/22,,153,1541
PW Medtech Group Ltd,2013/11/1,2013/10/11,KYG7306W1087,1358,3842
Mega Expo Holdings Ltd,2013/11/5,2013/10/25,,1360,7999
Boyaa Interactive Intl Ltd,2013/11/6,2013/7/16,KYG127751058,434,7372
YuanShengTai Dairy Farm Ltd,2013/11/21,2013/3/8,BMG987851018,1431,5143
Phoenix Healthcare Grp Co Ltd,2013/11/22,2013/10/28,KYG7092M1087,1515,8062
Hengshi Mining Invest Ltd,2013/11/22,2013/11/5,KYG4404M1087,1370,1011
China MeiDong Auto Holdings Lt,2013/11/22,2013/11/21,KYG211921021,1268,5511
Dongpeng Holdings Co Ltd,2013/11/26,2013/11/5,KYG281741036,3386,3253
Yongsheng Advanced Materials,2013/11/26,2013/11/15,,3608,2299
Eprint Group Ltd,2013/12/2,2013/11/20,KYG3085F1019,1884,2759
Qinhuangdao Port Co Ltd,2013/12/5,2013/7/29,CNE100001QR3,3369,4412
Huaxi Holdings Co Ltd,2013/12/5,2013/11/26,,1689,2671
Jintian Pharmaceutical Grp Ltd,2013/12/6,2013/11/19,KYG513961022,2211,2834
Excel Development Ltd,2013/12/10,2013/7/3,,1372,1522
Yi Hua Dept Store Hldgs Ltd,2013/12/10,2013/11/26,KYG9844M1050,2213,5411
Kerry Logistics Network Ltd,2013/12/12,2013/12/2,BMG524181036,636,4731
Consun Pharmaceutical Group,2013/12/13,2013/12/6,,1681,2834
Fu Shou Yuan Intl Group Ltd,2013/12/13,2013/9/17,,1448,7261
Fuguiniao Co Ltd,2013/12/16,2013/7/18,CNE100001QT9,1819,3149
Kingbo Strike Ltd,2013/12/16,2013/12/16,,1421,1731
China Conch Venture Hldgs Ltd,2013/12/18,2013/12/9,KYG2116J1085,586,9611
China Creative Home Group Ltd,2013/12/19,2013/12/10,,1678,3634
ArtGo Mining Holding Ltd,2013/12/19,2013/12/16,KYG050941007,3313,1429
TK Group(Holdings)Ltd,2013/12/19,2013/12/11,,2283,3089
Fujian Nuoqi Co Ltd,2014/1/8,2013/12/30,CNE100001QZ6,1353,5611
Major Holdings Ltd,2014/1/9,2014/1/6,,8209,5921
China Packaging Hldg devlp Ltd,2014/1/10,2013/12/27,KYG2116E1098,1439,2657
Nanjing Sinolife United Co Ltd,2014/1/14,2013/12/31,,3332,5912
Honworld Group Ltd,2014/1/22,2014/1/8,KYG4598A1004,2226,2035
Magnum Entertainment Group Hld,2014/1/23,2014/1/13,KYG5753K1067,2080,7997
China Metal Resources,2014/2/17,2014/1/29,KYG316221061,1636,5093
Poly Culture Group Corp Ltd,2014/2/28,2014/2/24,CNE100001S81,3636,7922
Haichang Holdings Ltd,2014/3/10,2013/12/19,KYG4231A1031,2255,7996
Baioo Family Interactive Ltd,2014/4/3,2014/2/24,KYG070381051,2100,7999
Wang Tai Holdings Ltd,2014/4/24,2014/4/9,KYG9431G1073,1400,2211
Sunfonda Group Holdings,2014/4/30,2014/2/28,,1771,5511
China CNR Corp Ltd,2014/5/16,2014/5/12,CNE100001SC1,6199,3743
Best Pacific Intl Hldgs Ltd,2014/5/20,2014/5/12,KYG106891008,2111,2341
Qingdao Port International Co,2014/5/26,2014/5/26,CNE100001SG2,6198,4499
Hengxing Gold Holding Co Ltd,2014/5/28,2014/5/19,KYG4404P1019,2303,1041
Ozner Water International,2014/6/11,2014/6/3,KYG6868L1041,2014,3589
Tianhe Chemicals Group Ltd,2014/6/13,2011/3/8,VGG888411045,1619,2992
Changgang Dunxin Enterprise Co,2014/6/16,2014/6/16,KYG204011087,2229,2631
Chanjet Information Technology,2014/6/23,2014/6/16,CNE100001SQ1,1588,7372
Koradior Holdings Ltd,2014/6/23,2014/6/17,KYG531401027,3709,5621
Cosmo Lady(China)Holdings Co,2014/6/23,2014/2/10,KYG244421080,2298,5137
Ourgame International Holdings,2014/6/25,2014/6/18,KYG6847M1087,6899,7375
Jia Yao Holdings Ltd,2014/6/26,2014/6/17,KYG5137W1078,1626,2679
Hang Fat Ginseng Holdings Co,2014/6/26,2014/6/17,KYG4288W1078,911,5191
Kangda International,2014/6/27,2014/6/23,KYG521541048,6136,9511
Beijing Digital Telecom Co Ltd,2014/6/30,2014/6/17,CNE100001ST5,6188,5999
Tian Ge Interactive Hldg Ltd,2014/6/30,2014/6/23,KYG887641085,1980,7375
Beijing Urban Construction,2014/7/2,2014/6/17,CNE100001SV1,1599,8748
Luye Pharma Group Ltd,2014/7/3,2014/6/26,BMG570071099,2186,2834
Hung Fook Tong Group Holdings,2014/7/3,2013/10/7,KYG4648K1085,1446,2099
Century Sage Scientific,2014/7/4,2014/6/24,KYG202281054,1450,7372
China Aircraft Leasing Grp,2014/7/7,2014/2/21,KYG211241057,1848,7359
Sinomax Group Ltd,2014/7/9,2013/10/7,KYG8191A1022,1418,2515
China Fordoo Holdings Ltd,2014/7/10,2014/6/24,KYG211271088,2399,2329
On Time Logistics Holdings Ltd,2014/7/10,2014/6/30,KYG675461043,6123,4731
Hanbo Enterprises Holdings Ltd,2014/7/10,2014/6/30,KYG4288H1002,1367,5131
Ernest Borel Holdings Ltd,2014/7/10,2014/6/30,KYG311691086,1856,3873
Cogobuy Group,2014/7/11,2014/2/20,KYG225371072,400,7375
WH Group Ltd,2014/7/24,2014/7/9,KYG960071028,288,2011
China Rundong Auto Group Ltd,2014/8/5,2014/2/7,KYG211941086,1365,5012
King Force Sec Hldg Ltd,2014/8/19,2014/8/13,,8315,7381
CAR Inc,2014/9/12,2014/5/23,KYG190211071,699,7514
Jiashili Group Ltd,2014/9/15,2014/9/15,,1285,2052
New Concepts Holdings Ltd,2014/9/18,2014/9/4,KYG644671060,2221,1522
La Chapelle,2014/9/29,2013/7/22,CNE100001SY5,6116,2331
Hua Hong Semiconductor Ltd,2014/10/9,2014/6/20,HK0000218211,1347,3674
Sam Woo Construction Group Ltd,2014/10/14,2014/9/29,KYG7785L1023,3822,1522
Nga Chun Holdings Co Ltd,2014/10/15,2014/7/11,KYG6504B1068,1462,1522
Wuxi Sunlit Science & Tech Co,2014/10/30,2014/10/30,,1289,8732
Austar Lifesciences Ltd,2014/11/3,2014/10/22,,6118,8711
Fulum Group,2014/11/10,2014/6/24,KYG369231033,1443,7011
Wai Chi Holdings Co Ltd,2014/11/17,2014/11/4,,1305,3674
China Maple Leaf Educ Sys Ltd,2014/11/24,2014/7/7,KYG211511087,1317,8211
Q Technology (Group) Co Ltd,2014/11/26,2014/7/7,,1478,3679
EGL Holdings Company Ltd,2014/11/27,2014/11/18,KYG3089V1023,6882,4724
Feiyu Technology,2014/12/1,2014/9/18,,1022,7372
Yangtze Optical Fibre & Cable,2014/12/3,2014/8/4,CNE100001T72,6869,3357
Yan tat group holdings ltd,2014/12/5,2014/11/26,KYG9833Q1091,1480,3672
Nirvana Asia Ltd,2014/12/10,2014/11/19,KYG652921076,1438,7261
Xiabu Xiabu Catering Mgmt Co,2014/12/11,2014/3/21,,520,5812
Baic Motor Corp Ltd,2014/12/13,2012/11/9,,1958,3711
Chun Sing Engineering Hldg Ltd,2014/12/15,2014/12/15,,2277,1522
BBI Life Sciences Corp,2014/12/29,2014/12/16,KYG1089Y1180,1035,2834
Asiaray Media Group Ltd,2015/1/8,2014/12/15,,1993,7311
Future Bright Mining Hldg Ltd,2015/1/8,2014/12/29,KYG3700E1098,2212,1429
Yat Sing Holdings Ltd,2015/1/13,2014/12/31,KYG983421010,3708,1542
Sis Mobile Holdings Ltd,2015/1/14,2014/12/23,KYG8190W1050,1362,5065
King's Flair Intl (Hldg) Ltd,2015/1/15,2014/12/31,,6822,5719
Time2U Intl Hldg Ltd,2015/1/29,2015/1/20,KYG8879S1021,1327,3873
Jicheng Umbrella holdings Ltd,2015/2/12,2015/2/3,KYG5138D1088,1027,3999
Winto Group (Holdings) Ltd,2015/2/13,2015/1/30,,8238,2721
KTL Intl Hldg Grp Ltd,2015/3/10,2015/2/27,,442,3915
China Animation Characters Co,2015/3/11,2015/2/27,KYG211751071,1566,5092
Cowell e Holdings Inc,2015/3/25,2013/11/21,KYG248141163,1415,3661
Niraku GC Holdings Inc,2015/4/2,2015/1/8,,1245,7011
In Construction Holdings Ltd,2015/4/15,2015/3/31,KYG4752Q1073,1500,1799
Shanghai Haohai Biological,2015/4/23,2015/4/20,CNE100001W69,6826,2836
Tic Tac Intl Hldg Co Ltd,2015/5/11,2015/4/28,,1470,3873
D&G Technology Holding Co Ltd,2015/5/26,2015/5/14,KYG2616D1060,1301,3531
3SBio Inc,2015/6/5,2015/1/27,KYG8875G1029,1530,2834
AAG Energy Holdings Ltd,2015/6/17,2015/2/10,KYG000371040,2686,2869
Pa Shun Pharm Intl Hldg Ltd,2015/6/17,2015/6/9,KYG693781000,574,2835
China Greenfresh Group Co Ltd,2015/6/17,2015/6/4,KYG2117Y1044,6183,5431
Red Star Macalline Grp Corp,2015/6/19,2014/10/21,CNE100001ZS2,1528,5712
Vital Mobile Holdings Ltd,2015/6/25,2014/10/7,KYG9381Y1089,6133,3661
Sky Light Holdings Ltd,2015/6/25,2015/4/15,KYG8191M1069,3882,5043
Golden Throat Hldg Grp Co Ltd,2015/6/30,2015/3/3,KYG3961J1022,6896,2834
Harmonicare Med Hldg Ltd,2015/7/1,2015/3/23,KYG439691075,1509,8069
Man King Holdings Ltd,2015/7/2,2015/6/19,,2193,1522
Tsaker Chemical Group Ltd,2015/7/2,2015/6/23,KYG910801045,1986,2899
Purapharm Corp Ltd,2015/7/6,2015/6/25,KYG7306Y1044,1498,2834
Tianyun Intl Hldg Ltd,2015/7/6,2015/6/24,VGG8880B1067,6836,2037
Universal Med Finl & Technical,2015/7/7,2015/6/22,HK0000255361,2666,8099
Zhongzhi Pharm Hldg Ltd,2015/7/10,2015/6/30,KYG989611085,3737,2834
China Railway Signal & Commun,2015/8/1,2015/1/14,CNE1000021L3,3969,3669
Wan Kei Group Holdings Ltd,2015/8/7,2015/7/27,,1718,1522
LEAP Holdings Group Ltd,2015/9/1,2015/8/21,KYG541561075,1499,1623
LC Group Holdings Ltd,2015/9/7,2015/8/21,KYG5408K1058,1683,7389
China Shun Ke Long Hldg Ltd,2015/9/9,2015/5/12,KYG2163D1034,974,5411
IMAX China Holding Inc,2015/9/30,2015/5/28,KYG476341030,1970,7832
Regina Miracle Intl (Hldg) Ltd,2015/9/30,2015/9/16,KYG748071019,2199,2342
Zhejiang Tengy Envi Tech Co,2015/10/9,2015/9/24,CNE1000021Y6,1527,9511
Lanzhou Zhuangyuan Pasture Co,2015/10/14,2015/9/30,CNE100002326,1533,2023
China Partytime Culture Holdin,2015/10/15,2015/9/30,KYG2163R1020,1532,2331
Jiyi Hsehld Intl Hldg Ltd,2015/11/5,2015/10/27,KYG5139R1065,1495,1521
Denox Envi & Tech Hldg Ltd,2015/11/6,2015/10/29,KYG2810N1088,1452,3914
Chinney Kin Wing Holdings Ltd,2015/11/10,2015/8/19,BMG2118K1036,1556,1522
Dali Foods Group Company Ltd,2015/11/14,2015/7/3,KYG2743Y1061,3799,2052
Wenzhou Kangning Hosp Co Ltd,2015/11/16,2015/7/15,CNE100002383,2120,8062
Manfield Chemical Holdings Ltd,2015/11/17,2015/10/13,,1561,3479
Flat Glass Group Co Ltd,2015/11/20,2015/7/20,CNE100002375,6865,3211
UMP Healthcare Holdings Ltd,2015/11/23,2015/9/10,KYG9320W1069,722,8099
China Energy Engineering Corp,2015/12/3,2014/12/19,CNE1000023C8,3996,1522
Fse Engineering Holdings Ltd,2015/12/9,2015/9/9,KYG3727N1088,331,8711
SFK Construction Holdings Ltd,2015/12/9,2015/9/8,BMG8059A1119,1447,1541
Clear Lift Holdings Ltd,2015/12/9,2015/11/30,,1341,1522
CRCC High-Tech Equip Corp,2015/12/9,2015/8/7,CNE1000023F1,1786,3531
Ten Pao Group Holdings Ltd,2015/12/10,2015/11/30,KYG876031090,1979,3679
Modern Dental Group Ltd,2015/12/10,2015/12/3,KYG618201092,3600,3843
Charmacy Pharmaceutical Co Ltd,2015/12/11,2015/9/7,CNE1000023D6,2289,5122
China Hengshi Foundation Co,2015/12/12,2015/12/3,KYG2118L1014,1197,2221
Yee Hop Holdings Ltd,2015/12/17,2015/12/7,KYG9836P1081,1662,1542
Feishang Non-metal Materials,2015/12/28,2015/9/24,KYG337641040,8331,1459
Yichang Hec Changjiang Pharm,2015/12/28,2015/9/29,CNE1000023R6,1558,2834
Sundart Holdings Ltd,2015/12/28,2015/5/4,VGG857251026,1568,1522
Perfect Grp Intl Hldg Ltd,2015/12/31,2015/9/18,KYG700671061,3326,3479
NNK Group Ltd,2016/1/6,2015/9/29,KYG654091076,3773,7375
Virscend Education Co Ltd,2016/1/8,2015/9/10,KYG936691024,1565,8211
Jujiang Constr Grp Co Ltd,2016/1/11,2015/9/16,,1459,1522
Sinco Pharms Hldg Ltd,2016/3/4,2015/9/30,,6833,5122
Union Medical Healthcare Ltd,2016/3/7,2015/11/5,KYG9320L1005,2138,8062
K.H. Group Holdings Ltd,2016/3/17,2016/3/7,,1557,1522
Smit Holdings Ltd,2016/3/29,2015/9/23,KYG824001054,2239,7382
Human Health Holdings Ltd,2016/3/31,2015/10/27,KYG4644Q1091,1419,8099
Nameson Holdings Ltd,2016/4/6,2015/10/8,KYG6362E1017,1982,2258
AP Rentals Holdings Ltd,2016/4/7,2015/12/17,KYG0501C1006,1496,7359
Huajin Intl Hldg Ltd,2016/4/14,2016/1/5,,2738,3312
Yadea Group Holdings Ltd,2016/5/16,2015/9/1,KYG9830F1063,1585,3751
Hang Sang (Siu Po) Intl Hldg,2016/5/17,2015/12/16,KYG4288S1066,3626,3552
BOC Aviation Ltd,2016/5/19,2015/10/19,,2588,7359
Chuan Holdings Ltd,2016/6/7,2016/4/19,,1420,1521
Li Bao Ge Group Ltd,2016/6/29,2015/9/25,,8102,5812
Ever Harvest Grp Hldg Ltd,2016/7/6,2016/3/9,KYG3227D1051,1549,4412
Yihai Intl Hldg Ltd,2016/7/7,2016/4/1,KYG984191075,1579,2099
China Logistics Ppty Hldg Co,2016/7/8,2016/3/30,KYG212091048,1589,4215
China Leon Inspection Hldg Ltd,2016/7/11,2016/2/4,KYG2163G1064,1586,1241
Plover Bay Technologies Ltd,2016/7/12,2016/3/18,KYG713321035,1523,4812
Vincent Medical Holdings Ltd,2016/7/12,2016/4/4,KYG9367D1025,1612,3841
China Unienergy Group Ltd,2016/7/12,2016/4/20,KYG212081064,1573,1221
Prosper Constr Hldg Ltd,2016/7/19,2016/3/31,,6816,1541
Xinhua Winshare Publishing &,2016/7/25,2013/1/16,CNE1000004B0,811,5942
Ausupreme Intl Hldg Ltd,2016/9/9,2015/12/4,KYG066021091,2031,5149
Crosstec Group Holdings Ltd,2016/9/9,2016/3/23,KYG257501034,3893,7389
Jacobson Pharma Corp Ltd,2016/9/14,2016/4/18,KYG677291067,2633,5912
Shun Wo Group Holdings Ltd,2016/9/27,2016/5/30,KYG811921090,1591,1799
Honma Golf Ltd,2016/9/29,2016/5/25,JP3854800004,6858,3949
Rici Healthcare Holdings Ltd,2016/9/30,2016/3/21,,1526,8062
Cherish Holdings Ltd,2016/9/30,2016/6/17,KYG2090D1016,2113,1794
Janco Holdings Ltd,2016/10/6,2016/4/27,,8035,4731
IBI Group Holdings Ltd,2016/10/13,2016/6/21,KYG469041019,1547,1799
Chong Kin Group Holdings Ltd,2016/10/14,2016/7/5,KYG2119N1060,1609,3272
China Resources Pharm Grp Ltd,2016/10/21,2016/10/17,HK0000311099,3320,2834
JNBY Design Ltd,2016/10/25,2016/7/6,KYG550441045,3306,2299
COFCO Meat Holdings Ltd,2016/10/26,2016/6/28,KYG226921008,1610,5147
Guangdong Kanghua Healthcare,2016/11/2,2016/7/14,,3689,8062
Datang Envi Ind Grp Co Ltd,2016/11/9,2015/9/4,,1272,3612
Gemilang International Ltd,2016/11/9,2016/7/22,,6163,3713
Zhou Hei Ya Intl Hldg Co Ltd,2016/11/10,2016/6/23,,1458,5311
Sheung Yue Group Holdings Ltd,2016/11/10,2016/6/28,,1633,1794
VPower Grp Intl Hldg Ltd,2016/11/18,2016/5/26,,1608,3621
Pantronics Holdings Ltd,2016/11/18,2016/4/27,,1611,3679
Guangdong Adway Constr (Grp),2016/11/24,2015/10/15,,6189,8712
Mengke Holdings Ltd,2016/11/24,2016/3/21,,1629,2111
Food Wise Holdings Ltd,2016/11/28,2016/6/21,,1632,5812
Progressive Path Grp Hldg Ltd,2016/12/7,2016/7/20,,1581,1542
Nanfang Commun Hldg Ltd,2016/12/9,2016/7/5,,1617,3357
Meitu Inc,2016/12/9,2016/8/22,,1357,7372
Hebei Yichen Industrial Grp,2016/12/16,2016/3/23,,1596,3493
Da Sen Holdings Group Ltd,2016/12/16,2016/4/20,,1580,5031
SH Group (Holdings) Ltd,2016/12/28,2016/8/12,,1637,8711
Golden Island(Holdings)Ltd,1991/1/8,1991/1/8,BMG926111052,674,5812
Golden Resources Dvlp Intl Ltd,1991/1/11,1991/1/11,,677,2044
Process Automation(Hldg)Ltd,1991/1/15,1991/1/15,BMG7248Q1289,679,3582
Team Concepts(Holdings)Ltd,1991/1/28,1991/1/28,BMG7829D1083,TCHH,3944
Ming Pao Enterprise Corp Ltd,1991/3/1,1991/3/1,,685,2711
Chee Shing Holdings,1991/3/12,1991/3/12,,CSHH,1541
Great Wall Electronic Int'l,1991/3/25,1991/3/25,,GWALY,3661
Frankie Dominion Intl Ltd,1991/5/7,1991/5/7,,704,2519
Giordano Holdings Ltd,1991/5/28,1991/5/28,,709,5611
Truly International,1991/6/11,1991/6/11,,TRULY,3571
Varitronix Intl Ltd,1991/6/11,1991/6/11,,710,3679
Harbour Ring Intl Hldg Ltd,1991/6/13,1991/6/13,BMG4285E1003,715,3942
Wo Kee Hong(Holdings)Ltd,1991/6/28,1991/6/28,,720,5064
Anex Intl Hldg Ltd,1991/7/2,1991/7/2,,723,5722
Lam Soon Food Inds Ltd,1991/7/3,1991/7/3,BMG5358B1138,728,5461
Hsin Chong Constr Grp Ltd,1991/7/24,1991/7/24,,404,1522
Yips Hang Cheung Holdings,1991/8/6,1991/8/6,,408,2869
Yau Lee Holdings Ltd,1991/8/8,1991/8/8,BMG9834K1018,406,1522
Orient Power Holdings Ltd,1991/8/16,1991/8/16,,615,3651
Leefung-Asco Printers Hldg Ltd,1991/9/3,1991/9/3,,623,2731
International Pipe Ltd(K Wah),1991/9/13,1991/9/13,XC0008855774,INPL/,3312
ABC Commun(Hldgs)Ltd,1991/9/17,1991/9/17,,30,4812
Innovative Intl(Hldg)ltd,1991/9/17,1991/9/17,,729,5013
Management Investment & Tech,1991/9/17,1991/9/17,BMG5774L1090,618,5063
Fairwood Holdings Ltd,1991/9/20,1991/9/20,,52,5812
Chen Hsong Holdings Ltd,1991/9/30,1991/9/30,,57,3599
Yiu Wing International Hldgs,1991/10/4,1991/10/4,BMG9843D1065,65,1521
Yanion Intl Hldg Ltd,1991/10/8,1991/10/8,BMG983291086,82,3652
Tak Sing Alliance Holdings Ltd,1991/10/14,1991/10/14,BMG8662E1049,126,5812
Double Kingdom Holdings Ltd,1991/10/25,1991/10/25,,DK,3663
Nam Pei Hong(Holdings)Ltd,1991/11/12,1991/11/12,BMG636131143,182,2834
Top Form International Ltd,1991/11/26,1991/11/26,,333,2342
Hanny Magnetics Holdings Ltd,1991/12/3,1991/12/3,BMG4279T1707,275,3572
Pak Fah Yeow International Ltd,1991/12/3,1991/12/3,,239,2833
S Megga Intl Hldgs Ltd,1991/12/10,1991/12/10,BMG8226F1005,261,4813
Silver Eagle Holdings Ltd,1992/1/7,1992/1/7,BMG2607Q1087,SLVE/,3577
Kong Wah Holdings,1992/1/13,1992/1/13,,359,3651
Shun Shing Holdings Ltd,1992/1/21,1992/1/21,,517,3731
Hoi Sing Holdings Ltd,1992/1/28,1992/1/28,BMG4975T1027,904,1629
Climax International Co Ltd,1992/2/25,1992/2/25,BMG2203K1099,439,5065
Hung Hing Printing Group Ltd,1992/2/27,1992/2/27,XC0008849132,450,2671
Same Time Holdings Ltd,1992/3/10,1992/3/10,BMG7782E1434,451,3672
Topstyle International Hldgs,1992/3/24,1992/3/24,KYG8943H1083,467,2331
Ocean Information Hldgs Ltd,1992/3/30,1992/3/30,BMG186891104,497,3571
Capital Automation Hldgs Ltd,1992/3/31,1992/3/31,,493,3577
BALtrans Holdings Ltd,1992/4/13,1992/4/13,,562,4731
Welback Holdings Ltd,1992/5/22,1992/5/22,BMG9525C1038,491,3944
Li & Fung Ltd,1992/6/9,1992/6/9,,494,5099
Yue Yuen Industrial(Hldg)Ltd,1992/6/16,1992/6/16,BMG988031024,551,3021
Mansion Holdings Ltd,1992/6/19,1992/6/19,BMG5796K1210,547,1796
China Merchants Hai Hong Hldgs,1992/6/30,1992/6/30,XC0008845585,144,2851
Texwinca Holdings Ltd,1992/7/20,1992/7/20,BMY861151215,321,2231
High Fashion International Ltd,1992/7/21,1992/7/21,,608,2331
Winton Holdings(Bermuda)Ltd,1992/7/28,1992/7/28,,510,7359
Indesen Industries Co Ltd,1992/8/3,1992/8/3,XC0008855741,351,3695
Champion Tech Hldg Ltd,1992/8/3,1992/8/3,,92,4812
Eu Yan Sang (Hong Kong) Ltd,1992/8/4,1992/8/4,XC0008855592,EUYS,2834
SiS International Holdings Ltd,1992/8/4,1992/8/4,,529,3577
Wai Kee Holdings Ltd,1992/8/13,1992/8/13,,610,1522
Chung Tai Printing Holdings,1992/8/24,1992/8/24,,55,2752
Pam & Frank Intl Hldgs Ltd,1992/9/1,1992/9/1,BMG6881K1099,431,5023
Goldlion Holdings Ltd,1992/9/2,1992/9/2,XC0008848985,533,2311
Ngai Lik Indl Hldg Ltd,1992/9/8,1992/9/8,BMG6503D1039,332,3651
Pico Far East Holdings Ltd,1992/9/14,1992/9/14,,PICO,2542
Sharp Brave Holdings,1992/9/15,1992/9/15,BMG110461024,SPBW,3679
Fortuna Intl Hldgs Ltd,1992/9/22,1992/9/22,BMG3641J1009,530,2085
MC Packaging(Hong Kong)Ltd,1992/9/22,1992/9/22,XC0008849819,751,3411
Shun Cheong Holdings Ltd,1992/9/22,1992/9/22,,650,1522
Tommy Hilfiger,1992/9/22,1992/9/22,,,2299
Perfectech Intl Hldg Ltd,1992/10/8,1992/10/8,,765,3999
City Chiu Chow(Holdings)Ltd,1992/10/17,1992/10/17,BMG2155T1080,657,5812
Four Seas Travel International,1992/10/18,1992/10/18,BMG3654F1106,755,4724
China Travel Intl Invest HK,1992/10/27,1992/10/27,XC0008882638,308,4725
Star Ent Intl Hldg Ltd,1992/10/27,1992/10/27,,326,7822
Lamex Holdings Ltd,1992/11/10,1992/11/10,,312,2599
Alco Holdings Ltd,1992/11/12,1992/11/12,,328,3651
Leung Kee Holdings Ltd,1992/11/16,1992/11/16,BMG5460K1421,307,1794
Le Saunda Holdings Ltd,1992/11/26,1992/11/26,,738,3144
Yaohan Food Processing & Trad,1992/12/3,1992/12/3,HK0060008015,YAOF,5142
Dickson Constr Intl Ltd,1992/12/18,1992/12/18,KYG275891037,313,1521
Prodn Art Tech(Hldg)Ltd,1992/12/18,1992/12/18,KYG8166R1149,SINOFO,3651
Leading Spirit(Holdings)Co Ltd,1992/12/31,1992/12/31,,606,3663
Group Sense(International)Ltd,1993/1/12,1993/1/12,,601,3679
AWT World Transport Group Ltd,1993/1/14,1993/1/14,,N/A,4731
Nority International Group Ltd,1993/1/18,1993/1/18,,660,3149
Chun Wo Holdings Ltd,1993/1/27,1993/1/27,,711,1522
Tack Hsin Holdings Ltd,1993/1/28,1993/1/28,,611,5812
Peace Mark(Holdings)Ltd,1993/2/2,1993/2/2,,304,3873
Denway Investment Ltd,1993/2/5,1993/2/5,HK0203001067,203,3714
Kosonic International Hldgs,1993/2/12,1993/2/12,,KOIN,3651
Starlite Holdings Ltd,1993/2/17,1993/2/17,,403,2752
Linkful International Holdings,1993/3/15,1993/3/15,BMG5495D1056,430,3325
KPI Co Ltd,1993/3/23,1993/3/23,XC0008949809,605,5999
World Houseware(Holdings)Ltd,1993/3/29,1993/3/29,,713,2392
New Island Printing Holdings,1993/3/30,1993/3/30,,377,2732
Wanon Intl Hldg Ltd,1993/3/30,1993/3/30,BMG9430H1060,371,3661
Golden Power Intl Hldg Ltd,1993/5/17,1993/5/17,BMG4616K1229,603,3674
Shangri-La Asia Ltd,1993/5/31,1993/5/31,,69,7011
Fortei Holdings Ltd,1993/6/22,1993/6/22,BMG363891075,79,3949
Singamas Container Holdings,1993/6/23,1993/6/23,HK0716002271,716,2655
CIL Holdings Ltd,1993/7/6,1993/7/6,,479,5065
Ultronics Intl Holdings Ltd,1993/7/12,1993/7/12,,ULNC,3823
Stone Electronic Tech Ltd,1993/7/30,1993/7/30,XC0008881432,409,3575
Four Seas Mercantile Hldgs Ltd,1993/8/10,1993/8/10,HK0008703743,374,2051
Yeebo(International Holdings),1993/8/17,1993/8/17,BMG9835B1000,YEEB,3873
Vincent Intertrans (Holdings),1993/8/24,1993/8/24,,563,4449
Companion Bldg Material(Hldg),1993/9/2,1993/9/2,BMG232711108,432,3253
Moulin Intl Hldgs Ltd,1993/9/15,1993/9/15,,389,3827
Guangzhou Shipyard Intl Co Ltd,1993/9/19,1993/9/19,,317,3731
Dah Hwa Intl(Hldg)Ltd,1993/9/21,1993/9/21,KYG2618K1085,600,3111
Kingboard Chemical Holdings,1993/9/22,1993/9/22,,148,3672
Oriental Watch Holdings Ltd,1993/9/24,1993/9/24,,398,5944
Recor Holdings Ltd,1993/9/27,1993/9/27,BMG7425K1009,397,3651
Mei Ah International,1993/9/30,1993/9/30,BMG5964A1119,MEIA,3999
Siu-Fung Ceramics Holdings,1993/10/12,1993/10/12,,SUIF,5084
Yaohan International Holdings,1993/10/14,1993/10/14,,700,7389
Yugang International Ltd,1993/10/21,1993/10/21,BMG9880B1046,613,5013
Ankor Group,1993/11/2,1993/11/2,BMG0389T1009,59,5012
Esprit Holdings Ltd,1993/11/23,1993/11/23,,330,2321
Kunming Machine Tool Co Ltd,1993/11/29,1993/11/29,,300,3541
GZITIC Hualing Holdings Ltd,1993/12/3,1993/12/3,HK0382001706,382,3639
Kunming Machine Tool Co Ltd,1993/12/7,1993/12/7,,300,3541
Arnhold Holdings Ltd,1993/12/17,1993/12/17,BMG0493Q1096,102,8711
Theme International Holdings,1994/1/10,1994/1/10,BMG8800F1041,990,5621
Albatronics (Far East) Co Ltd,1994/1/11,1994/1/11,,987,3679
Jusco Stores(Hong Kong) Co Ltd,1994/1/11,1994/1/11,XC0008941715,984,5311
Contrad Intl Hldg Ltd,1994/1/17,1994/1/17,,CONTR9,3663
Jusco Stores(Hong Kong) Co Ltd,1994/1/18,1994/1/18,XC0008941715,984,5311
Nam Hing Holdings Ltd,1994/1/19,1994/1/19,,986,3497
Legend Holdings Ltd,1994/1/25,1994/1/25,HK0992002417,992,3571
Van Shung Chong Hldgs Ltd,1994/1/26,1994/1/26,,1001,5051
Pricerite Group Ltd,1994/1/27,1994/1/27,,996,5712
Win Win Intl Hldg Ltd,1994/1/31,1994/1/31,BMG9719J1045,WINW,3552
Matrix Holdings Ltd,1994/2/1,1994/2/1,BMG5888V1000,MATX,3999
Rockapetta Holdings Ltd,1994/2/2,1994/2/2,,1003,3944
Chaifa Holdings Ltd,1994/2/28,1994/2/28,BMG2026H1016,139,2311
Cheung Tai Hong Holdings Ltd,1994/3/4,1994/3/4,,199,5084
Daiwa Associate Holdings Ltd,1994/3/24,1994/3/24,BMG2625R1043,1037,3679
Ngai Hing Hong Co Ltd,1994/4/8,1994/4/8,,1047,2821
United Pacific Industries Ltd,1994/4/11,1994/4/11,,176,3612
Rich City Pkg Hldg Ltd,1994/4/15,1994/4/15,BMG843761054,1051,1041
HB International Holdings Ltd,1994/4/26,1994/4/26,BMG8571C1082,1063,3663
Interform Ceramics Tech,1994/4/28,1994/4/28,BMG480631040,1060,3251
China Pharm Entrp & Invest,1994/6/2,1994/6/2,XC0008932912,1093,2834
Sinocan Holdings Ltd,1994/6/3,1994/6/3,,1095,3411
Egana International (Holdings),1994/6/8,1994/6/8,KYG2943Q1010,48,3873
Dah Bang (Holdings) Ltd,1994/7/1,1994/7/1,,DBHGF,5084
CH-HK Photo Prods Hldgs Ltd,1994/9/6,1994/9/6,,1123,5946
Kingmaker Footwear Holdings,1994/9/13,1994/9/13,,1170,3143
Pacific Andes Intl Hldgs Ltd,1994/9/19,1994/9/19,,1174,5142
Ideal Pacific Holdings Ltd,1994/9/28,1994/9/28,,1182,4412
SAS Dragon Holdings Ltd,1994/9/29,1994/9/29,BMG7814X1359,1184,3679
Wing Fai International Ltd,1994/10/10,1994/10/10,BMG9704F1095,WNGF,8711
Logic Intl Hldg Ltd,1994/10/20,1994/10/20,BMG5556J1080,1193,2599
Chengdu Telecommunications,1994/11/23,1994/11/23,,1202,3357
Guangnan(Holdings)Ltd,1994/11/25,1994/11/25,XC0008938307,1203,3312
Florens Group Ltd,1994/12/6,1994/12/6,BMY257471094,FLNG,7359
Yizheng Chemical Fibre Co Ltd,1995/1/13,1995/1/13,,1033,2824
Easyknit Intl Hldg Ltd,1995/1/16,1995/1/16,BMG2915Q1217,1218,2253
Liang Shing Holdings Ltd,1995/2/14,1995/2/14,,1223,3021
Dailywin Group Ltd,1995/3/7,1995/3/7,,897,3873
Whimsy Entertainment Co Ltd,1995/3/21,1995/3/21,BMG9601J1053,1188,7996
Artfield Group Ltd,1995/3/28,1995/3/28,,1229,3873
Vanda Sys & Commun Hldg Ltd,1995/3/29,1995/3/29,,757,7373
Wah Tung International Hldgs,1995/4/12,1995/4/12,BMG9419N1083,WAH,1731
Northeast Elec Transformation,1995/6/22,1995/6/22,,42,3612
Tomorrow Intl Hldgs Ltd,1995/7/25,1995/7/25,,760,3679
Luen Fat Hong Intl Hldg Ltd,1995/9/19,1995/9/19,BMG5695T1080,718,2821
Magician Industries,1995/9/26,1995/9/26,,526,3639
Gilbert Holdings Ltd,1995/9/27,1995/9/27,,505,5131
Ng Fung Hong Ltd,1995/10/4,1995/10/4,XC0008977008,318,5147
Iwai's Intl Hldg Ltd,1995/10/6,1995/10/6,BMG3679M1082,384,5611
Prime Success Intl Group Ltd,1995/10/20,1995/10/20,,210,3143
First Sign Intl Hldg Ltd,1995/11/3,1995/11/3,,933,2389
Samson Paper Holdings Ltd,1995/11/14,1995/11/14,,731,5021
Northeast Elec Transformation,1995/11/25,1995/11/25,,42,3612
CIG-WH Intl(Hldg)Ltd,1995/11/29,1995/11/29,,621,1522
Founder Holdings Ltd,1995/12/1,1995/12/1,,418,7373
RBI Holdings Ltd,1996/1/11,1996/1/11,,566,3942
Jingwei Textile Machinery Co,1996/1/18,1996/1/18,,350,3552
Jet Air International Group,1996/3/12,1996/3/12,BMG3001T1027,370,4731
AV Concept Holdings Ltd,1996/4/10,1996/4/10,,595,3674
China Elegance Intl Fashion,1996/5/13,1996/5/13,,476,3199
Victory City Intl Hldgs Ltd,1996/5/13,1996/5/13,BMG9358Q1208,539,2299
Perfect Treasure Holdings Ltd,1996/6/18,1996/6/18,BMG700561092,1105,5043
Road King Infrastructure Ltd,1996/6/28,1996/6/28,BMG760581097,1098,1622
Cheung Kong Infrastructure,1996/7/1,1996/7/1,BMY132131061,1038,1622
Stime Watch Intl Hldgs Ltd,1996/7/9,1996/7/9,BMG8494C1029,STWA/,3873
Glorious Sun Enterprises Ltd,1996/9/2,1996/9/2,,393,2329
Kwoon Chung Bus Holdings Ltd,1996/9/13,1996/9/13,,306,4119
Arts Optical International,1996/10/29,1996/10/29,,1120,3851
Nanjing Panda Electronics Co,1996/11/5,1996/11/5,,553,3679
Jackin International Holdings,1996/11/15,1996/11/15,,630,3695
Jingwei Textile Machinery Co,1996/11/18,1996/11/1,,350,3552
Mirabell Intl Hldgs Ltd,1996/11/25,1996/11/25,,1179,3143
Karrie Intl Hldgs Ltd,1996/11/29,1996/11/29,,1050,3577
Guangdong Tannery Ltd,1996/12/3,1996/12/3,HK1058006367,1058,3199
K&P International Holdings Ltd,1996/12/12,1996/12/12,,675,2822
Perennial International,1996/12/13,1996/12/12,,725,3999
Ta Fu Intl Hldg Ltd,1996/12/16,1996/12/16,BMG865981028,1041,2411
Wah Lee Resources Holdings Ltd,1996/12/31,1996/12/31,BMG9419A1062,1215,3861
Lung Kee Metal Holdings Ltd,1997/1/4,1997/1/4,,255,3599
Cheong Ming Holdings Limited,1997/1/7,1997/1/7,BMG2087P1095,1196,2679
Kingsport,1997/1/7,1997/1/7,BMG5485A1036,1180,2836
GZI Transport Ltd,1997/1/17,1997/1/17,BMG4211X1074,1052,1622
Chun Tai Holdings Ltd,1997/1/21,1997/1/21,,1013,3679
Man Yue Intl Hldgs Ltd,1997/2/18,1997/2/18,,894,3675
Boto Intl Hldg Ltd,1997/2/24,1997/2/24,BMG1262Z1225,585,3999
Peking Apparel Intl Grp Ltd,1997/2/25,1997/2/25,,761,2371
Kwong Hing Intl Hldg(Bermuda),1997/3/5,1997/3/5,,1131,2299
GITIC Enterprises Ltd,1997/3/14,1997/3/14,BMG3899Q1033,340,1522
Wing Lee Holdings Ltd,1997/3/25,1997/3/25,,876,3679
Pacific Ports Co Ltd,1997/4/11,1997/4/11,,659,4491
Kin Yat Holdings Ltd,1997/4/16,1997/4/16,,638,3944
Luk Fook Hldg (Intl) Ltd,1997/4/22,1997/4/22,,590,3911
DragonField Holdings Ltd,1997/4/30,1997/4/30,,578,3199
Zhejiang Expressway Co Ltd,1997/5/12,1997/5/12,,576,4785
Chu Kong Shipping Dvlp Co Ltd,1997/5/13,1997/5/13,,560,4412
Beijing Entrp Hldg Ltd,1997/5/16,1997/4/25,HK0392006679,392,4619
Lee & Man Holdings Ltd,1997/5/16,1997/5/16,,554,3171
Deson Dvlp Intl Hldg Ltd,1997/5/27,1997/5/27,BMG2734F1243,262,1522
Benefun Intl Hldgs Ltd,1997/6/3,1997/6/3,KYG0985A1094,1130,2389
Proview Intl Hldg Ltd,1997/6/4,1997/6/4,,334,3577
Sa Sa International Hldg Ltd,1997/6/6,1997/5/26,,178,2844
Leading Spirit Conrowa Elec,1997/6/11,1997/6/11,BMG5412P1086,1197,3678
Fairform Holdings Limited,1997/6/13,1997/6/13,BMG491231053,FAIRFO,7371
Angang New Steel Co Ltd,1997/7/20,1997/6/28,,347,3316
City Telecom(HK)Ltd,1997/7/22,1997/7/22,,1137,4812
CASTEL,1997/7/29,1997/7/29,KYY113951038,1185,3661
Guangdong Brewery Hldg Ltd,1997/7/29,1997/7/29,BMG418161029,124,2082
South East Asia Wood Inds Hldg,1997/9/3,1997/8/26,BMG8284A1009,SEAWIH,2411
Global Food Culture Grp Ltd,1997/9/5,1997/9/5,,970,5812
Ocean Grand Holdings Ltd,1997/9/9,1997/9/9,,1220,3341
Wah Fu International Holdings,1997/9/10,1997/9/10,BMG941851161,952,3111
Mascotte Holdings Ltd,1997/9/10,1997/9/10,,136,3674
Lung Cheong Intl Hldg Ltd,1997/9/15,1997/9/15,,348,3944
Kessel Intl Hldgs Ltd,1997/9/18,1997/9/18,,KESSEL,3663
Sichuan Expressway Co Ltd,1997/9/19,1997/9/13,,107,4785
TCC Hong Kong Cement Holdings,1997/9/22,1997/9/22,KYG8696Z1072,1136,3241
Ananda Wing On Travel(Hldg)Ltd,1997/9/23,1997/9/23,BMG0354F1014,1189,4724
Takson Holdings Ltd,1997/9/30,1997/9/30,,918,5137
Tonic Industries Holdings Ltd,1997/9/30,1997/9/30,,978,3651
Anhui Conch Cement Co Ltd,1997/10/6,1997/10/6,,914,3241
Wing Lee World Transport Hldgs,1997/10/7,1997/10/7,BMG9704Z1133,899,4412
Chongqing Iron & Steel Co Ltd,1997/10/9,1997/10/9,,1053,3312
Guangzhou Pharm Co Ltd,1997/10/16,1997/10/16,,874,2834
Automated Systems Hldgs Ltd,1997/10/22,1997/10/22,,771,7372
Angang New Steel Co Ltd,1997/11/12,1997/11/12,CN0009106575,347,3316
CNAC,1997/12/3,1997/12/3,,1110,4512
Q-Tech Holdings Ltd,1997/12/30,1997/12/30,BMG2759D1112,109,3669
Victory Group Ltd,1998/2/4,1998/2/4,BMG9358V1292,1139,5013
Hung Fung Group Holding Ltd,1998/2/25,1998/2/25,BMY3778J1051,1141,7929
Karce Intl Hldgs Co Ltd,1998/2/26,1998/2/26,,1159,3679
Asia Aluminum Holdings Ltd,1998/3/24,1998/3/24,BMG397751048,930,3365
Computer & Tech Hldg Ltd,1998/5/5,1998/5/5,,46,7376
Zhu Kuan Development Co Ltd,1998/5/12,1998/5/12,,908,7011
Kith Holdings Ltd,1998/6/9,1998/6/9,,1201,2671
Corasia Group Ltd,1998/6/16,1998/6/16,,875,2048
Futart International Co Ltd,1998/7/8,1998/7/8,BMG369821092,706,7379
Wonson Intl Hldg Ltd,1998/7/8,1998/7/8,BMG9738R1034,651,5051
Kin Don Holdings Ltd,1998/8/27,1998/8/27,,208,5136
Wah Yik Holdings Co Ltd,1998/9/25,1998/9/25,KYY9478H1090,862,8748
MAE Holdings Ltd,1998/11/17,1998/11/17,BMY5373L1044,851,3679
Good Fellow Group Ltd,1998/11/17,1998/11/17,,910,5137
Luen Cheong Tai Intl Hldgs Ltd,1998/11/19,1998/11/19,,1190,1522
Hengan Intl Group Co Ltd,1998/11/27,1998/11/27,,1044,2676
Lerado Group(Holding)Co Ltd,1998/12/4,1998/12/4,,1225,3944
Ying Wing Holdings Ltd,1998/12/15,1998/12/15,,1104,2299
Extrawell Pharm Hldgs Ltd,1999/2/25,1999/2/25,BMG3285Q1050,858,2834
Hang Fung Gold Technology Ltd,1999/2/26,1999/2/26,BMG4284Y1158,870,3497
Veeko Intl Holdings Ltd,1999/3/31,1999/3/31,KYG9326E1008,1173,2331
Global Tech(Holdings)Ltd,1999/4/9,1999/4/9,,143,3669
Global Tech(Holdings)Ltd,1999/4/9,1999/4/9,KYG3932J1085,143,5065
Qualipak Intl Hldgs Ltd,1999/4/14,1999/4/14,,1224,3161
Sun Hing Vision Group Holdings,1999/5/11,1999/5/11,,125,3827
Guangdong Kelon Elec Appl Co,1999/5/31,1999/5/31,,921,3585
Technology Venture Hldg Ltd,1999/6/22,1999/6/22,,61,7373
Universe Intl Hldgs Ltd,1999/7/6,1999/7/6,BMG928811048,1046,7819
Great Wall Tech Co Ltd,1999/7/22,1999/7/22,,74,3571
Sunway Intl Hldgs Ltd,1999/8/23,1999/8/23,,58,3679
Yixing Xinwei Holdings Ltd,1999/10/5,1999/10/5,KYG9843F1019,769,2819
CEC International Holdings Ltd,1999/11/3,1999/11/3,,759,3549
Coslight Tech Intl Grp Ltd,1999/11/3,1999/11/3,BMG244311012,1043,3691
Quality Food International Ltd,1999/11/4,1999/11/4,BMG731191026,735,2099
China Agrotech Holdings Ltd,1999/11/12,1999/11/12,,1073,2873
Hudson Holdings Ltd,1999/11/23,1999/11/23,,758,1522
Vision Tech Intl Hldgs Ltd,1999/12/13,1999/12/13,BMG9375D1020,922,3639
Ching Hing (Holdings) Ltd,2000/1/14,2000/1/14,,692,2211
Far Eastern Polychem Inds Ltd,2000/1/17,2000/1/17,,8012,2821
Hua Lien Intl(Hldg) Co Ltd,2000/1/18,2000/1/18,,969,3131
Beijing Capital Intl Airport,2000/1/27,2000/1/12,,694,4581
PNF Food Holdings Ltd,2000/1/27,2000/1/27,BMG7146H1218,702,2046
Ocean Shores Group Ltd,2000/2/10,2000/1/27,,764,7812
Carry Wealth Holdings Ltd,2000/2/29,2000/2/29,,643,2253
Decca Holdings Ltd,2000/3/7,2000/2/29,BMG2698C1091,997,2511
SUNDAY Communications Ltd,2000/3/10,2000/3/10,,866,4812
Skyworth Digital Holdings Ltd,2000/3/24,2000/3/24,,751,3651
E Bon Holdings Ltd,2000/3/28,2000/3/28,,599,5251
Fujikon Industrial Holdings,2000/3/29,2000/3/29,,927,3651
Zida Computer Technologies Ltd,2000/6/15,2000/5/29,BMG9892E1049,859,3571
Millennium Sense Holdings Ltd,2000/6/22,2000/6/22,,724,3999
Excel Tech Intl Hldgs Ltd,2000/6/26,2000/6/19,BMG323621083,8048,7372
Henderson Cyber Ltd,2000/7/8,2000/6/30,,8023,4813
Shanxi Central Pharm Int Ltd,2000/7/21,2000/7/14,,327,2834
Beijing Beida Jade Bird Co Ltd,2000/7/26,2000/7/24,,8095,7372
Far East Pharm Tech Co Ltd,2000/8/22,2000/8/11,,399,2834
Vantage Intl(Hldgs)Ltd,2000/9/5,2000/8/29,BMG932121012,15,1522
I-Wood International Hldg Ltd,2000/10/10,2000/10/10,,162,2599
Tong Ren Tang Tech Co Ltd,2000/10/30,2000/10/25,CN0005886956,1666,2834
China Specialised Fibre,2000/11/3,2000/10/5,BMG441701015,285,2824
U-RIGHT Intl Hldg Ltd,2000/11/8,2000/10/30,BMG9298R1051,627,2326
Mainland Headwear Hldg Ltd,2000/11/28,2000/11/28,BMG5754W1091,1100,2253
Tongda Group Holdings Ltd,2000/12/12,2000/12/12,,698,3444
World Trade Bun Kee Ltd,2000/12/12,2000/12/12,BMG977531000,380,5085
Global Green Tech Group Ltd,2000/12/13,2000/12/5,KYG392291020,274,5122
Sino Golf Holdings Ltd,2000/12/15,2000/12/11,BMG816821091,361,5091
Jiangsu Expressway Co Ltd,2000/12/20,2000/12/20,,177,4785
Guangzhou Pharm Co Ltd,2000/12/29,2000/9/4,,874,2834
Wealthmark Intl(Hldgs)Ltd,2001/1/4,2001/1/4,,39,3171
Kiu Hung Intl Hldgs Ltd,2001/1/9,2001/1/9,,381,3942
Convenience Retail Asia Ltd,2001/1/13,2001/1/8,,8052,5399
TravelSky Technology Ltd,2001/2/1,2000/11/18,CN0006030588,696,7376
Kingdee Intl Software Grp Co,2001/2/9,2001/2/2,KYG525681055,268,7372
CNOOC Ltd,2001/2/22,1999/9/22,HK0883009984,883,1311
Global Bio-chem Tech Grp Co,2001/3/7,2001/3/7,KYG3919S1057,809,5441
Gold Wo Intl Hldg Ltd,2001/4/9,2001/3/30,BMG3976V1081,90,3089
Luen Tai Group Ltd,2001/4/9,2001/3/30,BMG5696U1045,346,2851
Yew Sang Hong Holdings Ltd,2001/4/11,2001/4/11,KYG9842H1083,290,8711
Golden Dragon Group(Hldgs)Ltd,2001/5/7,2001/4/7,,329,2834
Q9 Technology Holdings Ltd,2001/5/10,2001/5/10,KYG7303D1034,8129,7372
Sinotronics Holdings Ltd,2001/5/16,2001/5/15,,1195,3672
Digital China Holdings Ltd,2001/6/1,2001/5/29,BMG2759B1072,861,5045
Datronix Holdings Ltd,2001/6/12,2001/6/12,,889,3679
Forefront Intl Hldg Ltd,2001/6/29,2001/6/29,,885,5599
Goldigit Atom-Tech Hldg Ltd,2001/7/5,2001/6/29,,2362,2879
China Petroleum & Chem Corp,2001/7/12,2001/3/31,,386,1381
Jackley Holdings Ltd,2001/7/23,2001/7/16,,353,2273
Argos Enterprise(Holdings)Ltd,2001/7/31,2001/7/31,,8022,4111
Tak Shun Technology Group Ltd,2001/9/6,2001/9/6,,1228,5044
Mandarin Ent(Hldgs)Ltd,2001/9/6,2001/8/30,,9,7812
Kamboat Group Co Ltd,2001/9/25,2001/9/25,,318,5812
Artel Solutions Grp Hldg Ltd,2001/10/22,2001/9/15,,931,5045
Universal Tech Hldg Ltd,2001/10/22,2001/10/19,,1026,7375
New Spring Hldg Ltd,2001/10/30,2001/10/30,,690,2671
HKC International Holdings Ltd,2001/11/6,2001/10/30,,248,7629
Zhejiang Glass Co Ltd,2001/11/23,2001/11/17,CN0008117516,739,3211
Pak Tak International Ltd,2001/11/23,2001/11/23,,2668,2253
Heng Tai Consumable Grp Ltd,2001/11/28,2001/11/22,,197,5142
Yue Da Holdings Ltd,2001/11/28,2001/11/19,,629,1031
INN International Ltd,2001/11/29,2001/11/29,,N/A,7373
Mudan Automobile Shares Co Ltd,2001/12/4,2001/12/4,,8188,5012
Wanasports Holdings Ltd,2001/12/10,2001/12/4,,8020,5699
Clear Media Ltd,2001/12/14,2001/11/10,,100,7312
Jiangxi Copper Co Ltd,2001/12/19,2001/12/19,,358,1021
Shenzhen Expressway Co Ltd,2001/12/20,2000/11/13,,548,4785
Golden Meditech Holdings Ltd,2001/12/26,2001/12/19,,801,3841
